기업명,종목코드,corp_code,연도,기업상태,selected_fs_div,has_data,raw_row_count,status_values,status_conflict,missing_feature_count,all_feature_null,too_many_missing_features,event_year_Y,event_date,event_source,y_minus_1_excluded,is_positive_candidate,is_excluded_y_minus_1,is_excluded_event_or_after,target_future_delist,include_for_training,exclude_reason,source_file
롯데푸드,002270,00120508,2021,상폐기업,CFS,True,1,상폐기업,False,3,False,False,2022,2022-07-20,폐지사유: 해산 사유 발생,True,False,True,False,,False,excluded_y_minus_1,C:\kwoss_C\model_test\downloads\dart_financials\상폐기업\롯데푸드\2021\002270__롯데푸드__2021__11011.json
한국제지,002300,00159412,2019,상폐기업,CFS,True,1,상폐기업,False,3,False,False,2020,2020-07-13,폐지사유: 해산 사유 발생,True,False,True,False,,False,excluded_y_minus_1,C:\kwoss_C\model_test\downloads\dart_financials\상폐기업\한국제지\2019\002300__한국제지__2019__11011.json
삼양제넥스,003940,00132105,2015,상폐기업,,False,1,상폐기업,False,30,True,True,2016,2016-01-21,폐지사유: 해산 사유 발생,True,False,True,False,,False,excluded_y_minus_1,C:\kwoss_C\model_test\downloads\dart_financials\상폐기업\삼양제넥스\2015\003940__삼양제넥스__2015__11011.json
대덕GDS,004130,00109170,2017,상폐기업,CFS,True,1,상폐기업,False,1,False,False,2018,2018-12-19,폐지사유: 해산 사유 발생,True,False,True,False,,False,excluded_y_minus_1,C:\kwoss_C\model_test\downloads\dart_financials\상폐기업\대덕GDS\2017\004130__대덕GDS__2017__11011.json
고려개발,004200,00102681,2019,상폐기업,OFS,True,1,상폐기업,False,3,False,False,2020,2020-07-21,폐지사유: 해산 사유 발생,True,False,True,False,,False,excluded_y_minus_1,C:\kwoss_C\model_test\downloads\dart_financials\상폐기업\고려개발\2019\004200__고려개발__2019__11011.json
보루네오가구,004740,00123152,2016,상폐기업,CFS,True,1,상폐기업,False,1,False,False,2017,2017-07-05,"폐지사유: 기업의 계속성, 경영의 투명성 및 기타 공익과 투자자 보호 등을 종합적으로 고려하여 상장폐지 기준에 해당한다고 결정",True,False,True,False,,False,excluded_y_minus_1,C:\kwoss_C\model_test\downloads\dart_financials\상폐기업\보루네오가구\2016\004740__보루네오가구__2016__11011.json
동성화학,005190,00116356,2020,상폐기업,CFS,True,1,상폐기업,False,1,False,False,2021,2021-04-16,폐지사유: 해산 사유 발생,True,False,True,False,,False,excluded_y_minus_1,C:\kwoss_C\model_test\downloads\dart_financials\상폐기업\동성화학\2020\005190__동성화학__2020__11011.json
신한,005450,00173740,2019,상폐기업,CFS,True,1,상폐기업,False,3,False,False,2020,2020-06-30,폐지사유: 감사의견 의견거절 2년 계속,True,False,True,False,,False,excluded_y_minus_1,C:\kwoss_C\model_test\downloads\dart_financials\상폐기업\신한\2019\005450__신한__2019__11011.json
대성합동지주,005620,00110495,2016,상폐기업,CFS,True,1,상폐기업,False,5,False,False,2017,2017-08-25,폐지사유: 해산 사유 발생,True,False,True,False,,False,excluded_y_minus_1,C:\kwoss_C\model_test\downloads\dart_financials\상폐기업\대성합동지주\2016\005620__대성합동지주__2016__11011.json
성지건설,005980,00133238,2017,상폐기업,OFS,True,1,상폐기업,False,3,False,False,2018,2018-10-04,폐지사유: 감사의견 의견거절,True,False,True,False,,False,excluded_y_minus_1,C:\kwoss_C\model_test\downloads\dart_financials\상폐기업\성지건설\2017\005980__성지건설__2017__11011.json
한솔아트원제지,007190,00137702,2016,상폐기업,,False,1,상폐기업,False,30,True,True,2017,2017-03-15,폐지사유: 해산 사유 발생,True,False,True,False,,False,excluded_y_minus_1,C:\kwoss_C\model_test\downloads\dart_financials\상폐기업\한솔아트원제지\2016\007190__한솔아트원제지__2016__11011.json
폴루스바이오팜,007630,00167280,2021,상폐기업,CFS,True,1,상폐기업,False,4,False,False,2022,2022-02-22,폐지사유: 감사의견 의견거절 2년 계속,True,False,True,False,,False,excluded_y_minus_1,C:\kwoss_C\model_test\downloads\dart_financials\상폐기업\폴루스바이오팜\2021\007630__폴루스바이오팜__2021__11011.json
행남사,008800,00164362,2020,상폐기업,CFS,True,1,상폐기업,False,4,False,False,2021,2021-06-07,폐지사유: 기업의 계속성 및 경영의 투명성 등을 종합적으로 고려하여 상장폐지기준에 해당한다고 결정,True,False,True,False,,False,excluded_y_minus_1,C:\kwoss_C\model_test\downloads\dart_financials\상폐기업\행남사\2020\008800__행남사__2020__11011.json
티이씨코,008900,00138127,2015,상폐기업,OFS,True,1,상폐기업,False,1,False,False,2016,2016-05-17,폐지사유: 해산 사유 발생,True,False,True,False,,False,excluded_y_minus_1,C:\kwoss_C\model_test\downloads\dart_financials\상폐기업\티이씨코\2015\008900__티이씨코__2015__11011.json
현대페인트,011720,00164955,2015,상폐기업,OFS,True,1,상폐기업,False,0,False,False,2016,2016-11-21,폐지사유: 감사의견 의견거절,True,False,True,False,,False,excluded_y_minus_1,C:\kwoss_C\model_test\downloads\dart_financials\상폐기업\현대페인트\2015\011720__현대페인트__2015__11011.json
에코바이브,015540,00108065,2022,상폐기업,CFS,True,1,상폐기업,False,2,False,False,2023,2023-11-07,폐지사유: 감사의견 의견거절 2년 계속,True,False,True,False,,False,excluded_y_minus_1,C:\kwoss_C\model_test\downloads\dart_financials\상폐기업\에코바이브\2022\015540__에코바이브__2022__11011.json
데코앤에프,017680,00112819,2018,상폐기업,CFS,True,1,상폐기업,False,4,False,False,2019,2019-11-20,폐지사유: 발행한 어음 또는 수표가 주거래은행에 의하여 최종부도로 결정되거나 거래은행에 의한 거래정지,True,False,True,False,,False,excluded_y_minus_1,C:\kwoss_C\model_test\downloads\dart_financials\상폐기업\데코앤에프\2018\017680__데코앤에프__2018__11011.json
아이이,023430,00100717,2016,상폐기업,CFS,True,1,상폐기업,False,3,False,False,2017,2017-12-20,폐지사유: 기업의 계속성 및 경영의 투명성 등을 종합적으로 고려하여 상장폐지기준에 해당한다고 결정,True,False,True,False,,False,excluded_y_minus_1,C:\kwoss_C\model_test\downloads\dart_financials\상폐기업\아이이\2016\023430__아이이__2016__11011.json
한화화인케미칼,025850,00160612,2015,상폐기업,,False,1,상폐기업,False,30,True,True,2016,2016-03-15,폐지사유: 해산 사유 발생,True,False,True,False,,False,excluded_y_minus_1,C:\kwoss_C\model_test\downloads\dart_financials\상폐기업\한화화인케미칼\2015\025850__한화화인케미칼__2015__11011.json
위너지스,026260,00207223,2017,상폐기업,CFS,True,1,상폐기업,False,3,False,False,2018,2018-10-11,폐지사유: 감사의견거절(감사범위 제한),True,False,True,False,,False,excluded_y_minus_1,C:\kwoss_C\model_test\downloads\dart_financials\상폐기업\위너지스\2017\026260__위너지스__2017__11011.json
미래SCI,028040,00111865,2020,상폐기업,,False,1,상폐기업,False,30,True,True,2021,2021-04-13,"폐지사유: 최근 2년간 3회 이상 공시규정 제19조제1항의 규정에 의한 사업보고서, 반기보고서 또는 분기보고서 법정제출기한 내 미제출",True,False,True,False,,False,excluded_y_minus_1,C:\kwoss_C\model_test\downloads\dart_financials\상폐기업\미래SCI\2020\028040__미래SCI__2020__11011.json
에스마크,030270,00100258,2019,상폐기업,CFS,True,1,상폐기업,False,6,False,False,2020,2020-05-21,폐지사유: 감사의견거절(감사범위제한 및 계속기업 존속 불확실),True,False,True,False,,False,excluded_y_minus_1,C:\kwoss_C\model_test\downloads\dart_financials\상폐기업\에스마크\2019\030270__에스마크__2019__11011.json
비케이탑스,030790,00273615,2023,상폐기업,,False,1,상폐기업,False,30,True,True,2024,2024-05-13,폐지사유: 감사의견 의견거절 2년 계속,True,False,True,False,,False,excluded_y_minus_1,C:\kwoss_C\model_test\downloads\dart_financials\상폐기업\비케이탑스\2023\030790__비케이탑스__2023__11011.json
씨앤에스자산관리,032040,00173731,2017,상폐기업,CFS,True,1,상폐기업,False,5,False,False,2018,2018-10-11,폐지사유: 감사의견거절(범위제한 및 계속기업 존속능력에 대한 불확실성),True,False,True,False,,False,excluded_y_minus_1,C:\kwoss_C\model_test\downloads\dart_financials\상폐기업\씨앤에스자산관리\2017\032040__씨앤에스자산관리__2017__11011.json
코너스톤네트웍스,033110,00194275,2020,상폐기업,CFS,True,1,상폐기업,False,1,False,False,2021,2021-10-08,폐지사유: 감사의견 거절(감사범위 제한 및 계속기업 존속능력에 대한 불확실성),True,False,True,False,,False,excluded_y_minus_1,C:\kwoss_C\model_test\downloads\dart_financials\상폐기업\코너스톤네트웍스\2020\033110__코너스톤네트웍스__2020__11011.json
디에스티,033430,00244419,2020,상폐기업,CFS,True,1,상폐기업,False,3,False,False,2021,2021-09-02,폐지사유: 감사의견 한정(감사범위 제한),True,False,True,False,,False,excluded_y_minus_1,C:\kwoss_C\model_test\downloads\dart_financials\상폐기업\디에스티\2020\033430__디에스티__2020__11011.json
럭슬,033600,00264787,2020,상폐기업,,False,1,상폐기업,False,30,True,True,2021,2021-08-11,폐지사유: 감사의견 거절(감사범위 제한),True,False,True,False,,False,excluded_y_minus_1,C:\kwoss_C\model_test\downloads\dart_financials\상폐기업\럭슬\2020\033600__럭슬__2020__11011.json
글로앤웰,035480,00255141,2018,상폐기업,OFS,True,1,상폐기업,False,5,False,False,2019,2019-12-12,폐지사유: 기업의 계속성 및 경영의 투명성 등을 종합적으로 고려하여 상장폐지기준에 해당한다고 결정,True,False,True,False,,False,excluded_y_minus_1,C:\kwoss_C\model_test\downloads\dart_financials\상폐기업\글로앤웰\2018\035480__글로앤웰__2018__11011.json
오상헬스케어,036220,00260657,2015,상장기업,CFS,True,2,상장기업|상폐기업,True,3,False,False,2016,2016-05-09,폐지사유: 감사의견 거절(감사범위 제한으로 인한 의견거절),True,False,True,False,,False,excluded_y_minus_1,C:\kwoss_C\model_test\downloads\dart_financials\상장기업\오상헬스케어\2015\036220__오상헬스케어__2015__11011.json
이매진아시아,036260,00122339,2020,상폐기업,CFS,True,1,상폐기업,False,7,False,False,2021,2021-02-15,폐지사유: 기업의 계속성 및 경영의 투명성 등을 종합적으로 고려하여 상장폐지기준에 해당,True,False,True,False,,False,excluded_y_minus_1,C:\kwoss_C\model_test\downloads\dart_financials\상폐기업\이매진아시아\2020\036260__이매진아시아__2020__11011.json
에스에스컴텍,036500,00267960,2016,상폐기업,CFS,True,1,상폐기업,False,3,False,False,2017,2017-05-11,폐지사유: 감사의견 거절(감사범위 제한 및 계속기업 존속능력에 대한 불확실성),True,False,True,False,,False,excluded_y_minus_1,C:\kwoss_C\model_test\downloads\dart_financials\상폐기업\에스에스컴텍\2016\036500__에스에스컴텍__2016__11011.json
에이치씨코퍼레이션,037340,00241236,2015,상폐기업,CFS,True,1,상폐기업,False,0,False,False,2016,2016-09-08,폐지사유: 2반기 연속 자본잠식률 50% 이상,True,False,True,False,,False,excluded_y_minus_1,C:\kwoss_C\model_test\downloads\dart_financials\상폐기업\에이치씨코퍼레이션\2015\037340__에이치씨코퍼레이션__2015__11011.json
미래에셋증권,037620,00311030,2016,상폐기업,,False,1,상폐기업,False,30,True,True,2017,2017-01-20,폐지사유: 해산 사유 발생,True,False,True,False,,False,excluded_y_minus_1,C:\kwoss_C\model_test\downloads\dart_financials\상폐기업\미래에셋증권\2016\037620__미래에셋증권__2016__11011.json
에이아이비트,039230,00295370,2020,상폐기업,CFS,True,1,상폐기업,False,4,False,False,2021,2021-10-06,폐지사유: 감사의견 거절(감사범위 제한),True,False,True,False,,False,excluded_y_minus_1,C:\kwoss_C\model_test\downloads\dart_financials\상폐기업\에이아이비트\2020\039230__에이아이비트__2020__11011.json
스포츠서울,039670,00298687,2021,상폐기업,CFS,True,1,상폐기업,False,4,False,False,2022,2022-04-20,폐지사유: 기업의 계속성 및 경영의 투명성 등을 종합적으로 고려하여 상장폐지기준에 해당한다고 결정,True,False,True,False,,False,excluded_y_minus_1,C:\kwoss_C\model_test\downloads\dart_financials\상폐기업\스포츠서울\2021\039670__스포츠서울__2021__11011.json
위노바,039790,00261735,2017,상폐기업,,False,1,상폐기업,False,30,True,True,2018,2018-03-09,폐지사유: 기업의 계속성 및 경영의 투명성 등을 종합적으로 고려하여 상장폐지기준에 해당한다고 결정,True,False,True,False,,False,excluded_y_minus_1,C:\kwoss_C\model_test\downloads\dart_financials\상폐기업\위노바\2017\039790__위노바__2017__11011.json
에임하이,043580,00222806,2017,상폐기업,CFS,True,1,상폐기업,False,1,False,False,2018,2018-08-10,폐지사유: 감사의견거절(감사범위 제한),True,False,True,False,,False,excluded_y_minus_1,C:\kwoss_C\model_test\downloads\dart_financials\상폐기업\에임하이\2017\043580__에임하이__2017__11011.json
GV,045890,00455112,2020,상폐기업,CFS,True,1,상폐기업,False,3,False,False,2021,2021-12-20,폐지사유: 해산사유 발생(파산선고),True,False,True,False,,False,excluded_y_minus_1,C:\kwoss_C\model_test\downloads\dart_financials\상폐기업\GV\2020\045890__GV__2020__11011.json
디케이씨,047440,00324104,2017,상폐기업,CFS,True,1,상폐기업,False,1,False,False,2018,2018-10-11,폐지사유: 감사의견거절(감사범위 제한 및 계속기업 존속능력에 대한 불확실성),True,False,True,False,,False,excluded_y_minus_1,C:\kwoss_C\model_test\downloads\dart_financials\상폐기업\디케이씨\2017\047440__디케이씨__2017__11011.json
에스에이치엔엘,050320,00245898,2021,상폐기업,OFS,True,1,상폐기업,False,1,False,False,2022,2022-05-31,폐지사유: 감사의견 거절,True,False,True,False,,False,excluded_y_minus_1,C:\kwoss_C\model_test\downloads\dart_financials\상폐기업\에스에이치엔엘\2021\050320__에스에이치엔엘__2021__11011.json
엠피씨플러스,050540,00302078,2022,상폐기업,CFS,True,1,상폐기업,False,5,False,False,2023,2023-05-08,폐지사유: 감사의견 거절(감사범위 제한),True,False,True,False,,False,excluded_y_minus_1,C:\kwoss_C\model_test\downloads\dart_financials\상폐기업\엠피씨플러스\2022\050540__엠피씨플러스__2022__11011.json
썬코어,051170,00202778,2017,상폐기업,,False,1,상폐기업,False,30,True,True,2018,2018-03-15,폐지사유: '16사업연도 감사의견거절(계속기업 존속능력에 대한 불확실성) 및 '17사업연도 반기 감사의견거절(계속기업 존속능력에 대한 불확실성),True,False,True,False,,False,excluded_y_minus_1,C:\kwoss_C\model_test\downloads\dart_financials\상폐기업\썬코어\2017\051170__썬코어__2017__11011.json
플랜텍,051310,00181934,2015,상폐기업,CFS,True,1,상폐기업,False,0,False,False,2016,2016-04-15,폐지사유: 자본전액잠식,True,False,True,False,,False,excluded_y_minus_1,C:\kwoss_C\model_test\downloads\dart_financials\상폐기업\플랜텍\2015\051310__플랜텍__2015__11011.json
세영디앤씨,052190,00347877,2021,상폐기업,CFS,True,1,상폐기업,False,5,False,False,2022,2022-05-27,폐지사유: 감사의견 거절(감사범위 제한 및 계속기업 존속능력에 대한 불확실성),True,False,True,False,,False,excluded_y_minus_1,C:\kwoss_C\model_test\downloads\dart_financials\상폐기업\세영디앤씨\2021\052190__세영디앤씨__2021__11011.json
우전,052270,00291231,2016,상폐기업,,False,1,상폐기업,False,30,True,True,2017,2017-04-13,폐지사유: 자본전액잠식 등,True,False,True,False,,False,excluded_y_minus_1,C:\kwoss_C\model_test\downloads\dart_financials\상폐기업\우전\2016\052270__우전__2016__11011.json
트레이스,052290,00348177,2017,상폐기업,CFS,True,1,상폐기업,False,4,False,False,2018,2018-10-11,폐지사유: 감사의견거절(감사범위 제한),True,False,True,False,,False,excluded_y_minus_1,C:\kwoss_C\model_test\downloads\dart_financials\상폐기업\트레이스\2017\052290__트레이스__2017__11011.json
소리바다,053110,00352718,2021,상폐기업,CFS,True,1,상폐기업,False,4,False,False,2022,2022-09-07,폐지사유: 감사의견 거절(감사범위 제한),True,False,True,False,,False,excluded_y_minus_1,C:\kwoss_C\model_test\downloads\dart_financials\상폐기업\소리바다\2021\053110__소리바다__2021__11011.json
한국테크놀로지,053590,00355548,2023,상폐기업,CFS,True,1,상폐기업,False,1,False,False,2024,2024-10-07,폐지사유: 해산사유 발생(파산선고),True,False,True,False,,False,excluded_y_minus_1,C:\kwoss_C\model_test\downloads\dart_financials\상폐기업\한국테크놀로지\2023\053590__한국테크놀로지__2023__11011.json
현진소재,053660,00188715,2021,상폐기업,CFS,True,1,상폐기업,False,2,False,False,2022,2022-04-26,폐지사유: 감사의견 거절(감사범위 제한 및 계속기업 존속능력에 대한 불확실성),True,False,True,False,,False,excluded_y_minus_1,C:\kwoss_C\model_test\downloads\dart_financials\상폐기업\현진소재\2021\053660__현진소재__2021__11011.json
아이팩토리,053810,00351047,2015,상폐기업,CFS,True,1,상폐기업,False,4,False,False,2016,2016-09-19,폐지사유: 감사의견 거절(감사범위 제한 및 기업회계기준 위배),True,False,True,False,,False,excluded_y_minus_1,C:\kwoss_C\model_test\downloads\dart_financials\상폐기업\아이팩토리\2015\053810__아이팩토리__2015__11011.json
피앤텔,054340,00302120,2019,상폐기업,CFS,True,1,상폐기업,False,4,False,False,2020,2020-05-21,폐지사유: 감사의견 거절(감사범위 제한 및 계속기업 존속능력에 대한 불확실성),True,False,True,False,,False,excluded_y_minus_1,C:\kwoss_C\model_test\downloads\dart_financials\상폐기업\피앤텔\2019\054340__피앤텔__2019__11011.json
코원플레이,056000,00361266,2022,상폐기업,CFS,True,1,상폐기업,False,4,False,False,2023,2023-03-30,폐지사유: 감사의견 거절(감사범위 제한 및 계속기업가정 불확실성),True,False,True,False,,False,excluded_y_minus_1,C:\kwoss_C\model_test\downloads\dart_financials\상폐기업\코원플레이\2022\056000__코원플레이__2022__11011.json
아리온,058220,00441128,2023,상폐기업,,False,1,상폐기업,False,30,True,True,2024,2024-05-03,폐지사유: 감사의견 거절(감사범위 제한 및 계속기업 존속능력에 대한 불확실성),True,False,True,False,,False,excluded_y_minus_1,C:\kwoss_C\model_test\downloads\dart_financials\상폐기업\아리온\2023\058220__아리온__2023__11011.json
비엔씨컴퍼니,058370,00372989,2016,상폐기업,,False,1,상폐기업,False,30,True,True,2017,2017-05-08,폐지사유: 감사범위제한으로 인한 한정의견,True,False,True,False,,False,excluded_y_minus_1,C:\kwoss_C\model_test\downloads\dart_financials\상폐기업\비엔씨컴퍼니\2016\058370__비엔씨컴퍼니__2016__11011.json
제이웨이,058420,00359474,2022,상폐기업,OFS,True,1,상폐기업,False,6,False,False,2023,2023-04-14,폐지사유: 감사의견 거절(감사범위 제한 및 계속기업가정 불확실성),True,False,True,False,,False,excluded_y_minus_1,C:\kwoss_C\model_test\downloads\dart_financials\상폐기업\제이웨이\2022\058420__제이웨이__2022__11011.json
파나케이아,058530,00353018,2023,상폐기업,CFS,True,1,상폐기업,False,3,False,False,2024,2024-06-25,폐지사유: 기업의 계속성 및 경영의 투명성 등을 종합적으로 고려하여 상장폐지기준에 해당한다고 결정,True,False,True,False,,False,excluded_y_minus_1,C:\kwoss_C\model_test\downloads\dart_financials\상폐기업\파나케이아\2023\058530__파나케이아__2023__11011.json
레드로버,060300,00364795,2021,상폐기업,CFS,True,1,상폐기업,False,2,False,False,2022,2022-11-04,폐지사유: 기업의 계속성 및 경영의 투명성 등을 종합적을 고려하여 상장폐지기준에 해당한다고 결정,True,False,True,False,,False,excluded_y_minus_1,C:\kwoss_C\model_test\downloads\dart_financials\상폐기업\레드로버\2021\060300__레드로버__2021__11011.json
프리젠,060910,00353230,2016,상폐기업,OFS,True,1,상폐기업,False,3,False,False,2017,2017-02-24,폐지사유: 최근 5사업연도 연속 영업손실 발생,True,False,True,False,,False,excluded_y_minus_1,C:\kwoss_C\model_test\downloads\dart_financials\상폐기업\프리젠\2016\060910__프리젠__2016__11011.json
티엘아이,062860,00261887,2023,상폐기업,OFS,True,1,상폐기업,False,5,False,False,2024,2024-11-14,폐지사유: 기업의 계속성 및 경영의 투명성 등을 종합적으로 고려하여 상장폐지기준에 해당한다고 결정,True,False,True,False,,False,excluded_y_minus_1,C:\kwoss_C\model_test\downloads\dart_financials\상폐기업\티엘아이\2023\062860__티엘아이__2023__11011.json
유네코,064510,00127699,2022,상폐기업,CFS,True,1,상폐기업,False,3,False,False,2023,2023-01-17,폐지사유: 감사의견 거절(감사범위 제한 및 계속기업 존속능력 불확실성),True,False,True,False,,False,excluded_y_minus_1,C:\kwoss_C\model_test\downloads\dart_financials\상폐기업\유네코\2022\064510__유네코__2022__11011.json
에프티이앤이,065160,00389387,2018,상폐기업,CFS,True,1,상폐기업,False,3,False,False,2019,2019-05-03,폐지사유: 감사의견 거절(감사범위 제한),True,False,True,False,,False,excluded_y_minus_1,C:\kwoss_C\model_test\downloads\dart_financials\상폐기업\에프티이앤이\2018\065160__에프티이앤이__2018__11011.json
플렉스컴,065270,00364926,2015,상폐기업,CFS,True,1,상폐기업,False,3,False,False,2016,2016-04-12,폐지사유: 자본전액잠식,True,False,True,False,,False,excluded_y_minus_1,C:\kwoss_C\model_test\downloads\dart_financials\상폐기업\플렉스컴\2015\065270__플렉스컴__2015__11011.json
녹원씨엔아이,065560,00393469,2023,상폐기업,CFS,True,1,상폐기업,False,4,False,False,2024,2024-07-29,폐지사유: 기업의 계속성 및 경영의 투명성 등을 종합적으로 고려하여 상장폐지기준에 해당한다고 결정,True,False,True,False,,False,excluded_y_minus_1,C:\kwoss_C\model_test\downloads\dart_financials\상폐기업\녹원씨엔아이\2023\065560__녹원씨엔아이__2023__11011.json
제낙스,065620,00201788,2020,상폐기업,OFS,True,1,상폐기업,False,4,False,False,2021,2021-08-09,폐지사유: 감사의견 거절(감사범위 제한 및 계속기업 존속능력에 대한 불확실성),True,False,True,False,,False,excluded_y_minus_1,C:\kwoss_C\model_test\downloads\dart_financials\상폐기업\제낙스\2020\065620__제낙스__2020__11011.json
바이오빌,065940,00155382,2019,상폐기업,,False,1,상폐기업,False,30,True,True,2020,2020-07-31,폐지사유: 감사의견 거절(감사범위 제한 및 계속기업 존속능력에 대한 불확실성),True,False,True,False,,False,excluded_y_minus_1,C:\kwoss_C\model_test\downloads\dart_financials\상폐기업\바이오빌\2019\065940__바이오빌__2019__11011.json
한프,066110,00226228,2021,상폐기업,CFS,True,1,상폐기업,False,0,False,False,2022,2022-04-06,폐지사유: 감사의견 거절(감사범위 제한),True,False,True,False,,False,excluded_y_minus_1,C:\kwoss_C\model_test\downloads\dart_financials\상폐기업\한프\2021\066110__한프__2021__11011.json
SK컴즈,066270,00361725,2016,상폐기업,,False,1,상폐기업,False,30,True,True,2017,2017-02-27,폐지사유: 상장폐지신청('17.02.07),True,False,True,False,,False,excluded_y_minus_1,C:\kwoss_C\model_test\downloads\dart_financials\상폐기업\SK컴즈\2016\066270__SK컴즈__2016__11011.json
케이엔씨글로벌,068150,00394778,2016,상폐기업,,False,1,상폐기업,False,30,True,True,2017,2017-03-07,폐지사유: 기업의 계속성 및 경영의 투명성 등을 종합적으로 고려하여 상장폐지기준에 해당한다고 결정,True,False,True,False,,False,excluded_y_minus_1,C:\kwoss_C\model_test\downloads\dart_financials\상폐기업\케이엔씨글로벌\2016\068150__케이엔씨글로벌__2016__11011.json
LG생명과학,068870,00423609,2016,상폐기업,,False,1,상폐기업,False,30,True,True,2017,2017-01-17,폐지사유: 해산 사유 발생,True,False,True,False,,False,excluded_y_minus_1,C:\kwoss_C\model_test\downloads\dart_financials\상폐기업\LG생명과학\2016\068870__LG생명과학__2016__11011.json
유한코스메틱,069110,00402989,2022,상폐기업,CFS,True,1,상폐기업,False,1,False,False,2023,2023-10-20,폐지사유: 감사의견 거절(감사범위 제한),True,False,True,False,,False,excluded_y_minus_1,C:\kwoss_C\model_test\downloads\dart_financials\상폐기업\유한코스메틱\2022\069110__유한코스메틱__2022__11011.json
에이팸,073070,00235147,2020,상폐기업,CFS,True,1,상폐기업,False,0,False,False,2021,2021-06-04,폐지사유: 기업의 계속성 및 경영의 투명성 등을 종합적으로 고려하여 상장폐지기준에 해당,True,False,True,False,,False,excluded_y_minus_1,C:\kwoss_C\model_test\downloads\dart_financials\상폐기업\에이팸\2020\073070__에이팸__2020__11011.json
엠제이비,074150,00418476,2015,상폐기업,OFS,True,1,상폐기업,False,2,False,False,2016,2016-09-05,폐지사유: 감사의견거절(감사범위 제한),True,False,True,False,,False,excluded_y_minus_1,C:\kwoss_C\model_test\downloads\dart_financials\상폐기업\엠제이비\2015\074150__엠제이비__2015__11011.json
지나인제약,078650,00477257,2022,상폐기업,CFS,True,1,상폐기업,False,6,False,False,2023,2023-07-21,폐지사유: 감사의견 거절(감사범위 제한 및 계속기업가정 불확실성),True,False,True,False,,False,excluded_y_minus_1,C:\kwoss_C\model_test\downloads\dart_financials\상폐기업\지나인제약\2022\078650__지나인제약__2022__11011.json
아이디에스,078780,00446460,2015,상폐기업,,False,1,상폐기업,False,30,True,True,2016,2016-04-28,폐지사유: '14사업연도 자본잠식률 50%이상 사유로 관리종목 지정 후 '15사업연도 반기 감사의견 거절,True,False,True,False,,False,excluded_y_minus_1,C:\kwoss_C\model_test\downloads\dart_financials\상폐기업\아이디에스\2015\078780__아이디에스__2015__11011.json
사조해표,079660,00503899,2018,상폐기업,CFS,True,1,상폐기업,False,2,False,False,2019,2019-06-26,폐지사유: 해산 사유 발생,True,False,True,False,,False,excluded_y_minus_1,C:\kwoss_C\model_test\downloads\dart_financials\상폐기업\사조해표\2018\079660__사조해표__2018__11011.json
에스제이케이,080440,00366793,2020,상폐기업,CFS,True,1,상폐기업,False,3,False,False,2021,2021-09-13,폐지사유: 해산사유 발생(파산선고),True,False,True,False,,False,excluded_y_minus_1,C:\kwoss_C\model_test\downloads\dart_financials\상폐기업\에스제이케이\2020\080440__에스제이케이__2020__11011.json
넥스지,081970,00584362,2017,상폐기업,CFS,True,1,상폐기업,False,2,False,False,2018,2018-10-11,폐지사유: 감사의견거절(감사범위제한),True,False,True,False,,False,excluded_y_minus_1,C:\kwoss_C\model_test\downloads\dart_financials\상폐기업\넥스지\2017\081970__넥스지__2017__11011.json
피엘에이,082390,00496003,2015,상폐기업,CFS,True,1,상폐기업,False,4,False,False,2016,2016-07-25,폐지사유: 기업의 계속성 및 경영의 투명성 등을 종합적으로 고려하여 상장폐지기준에 해당한다고 결정,True,False,True,False,,False,excluded_y_minus_1,C:\kwoss_C\model_test\downloads\dart_financials\상폐기업\피엘에이\2015\082390__피엘에이__2015__11011.json
제이앤유글로벌,086200,00413824,2015,상폐기업,CFS,True,1,상폐기업,False,2,False,False,2016,2016-05-09,폐지사유: 감사의견거절(감사범위 제한),True,False,True,False,,False,excluded_y_minus_1,C:\kwoss_C\model_test\downloads\dart_financials\상폐기업\제이앤유글로벌\2015\086200__제이앤유글로벌__2015__11011.json
화신테크,086250,00166333,2020,상폐기업,CFS,True,1,상폐기업,False,8,False,False,2021,2021-08-31,폐지사유: 감사의견 거절(감사범위 제한),True,False,True,False,,False,excluded_y_minus_1,C:\kwoss_C\model_test\downloads\dart_financials\상폐기업\화신테크\2020\086250__화신테크__2020__11011.json
신양오라컴,086830,00317830,2016,상폐기업,,False,1,상폐기업,False,30,True,True,2017,2017-05-08,폐지사유: 감사의견 거절(감사범위 제한 및 계속기업 존속능력에 대한 불확실성),True,False,True,False,,False,excluded_y_minus_1,C:\kwoss_C\model_test\downloads\dart_financials\상폐기업\신양오라컴\2016\086830__신양오라컴__2016__11011.json
스틸플라워,087220,00454265,2017,상폐기업,CFS,True,1,상폐기업,False,0,False,False,2018,2018-05-08,폐지사유: 감사의견거절(감사범위 제한 및 계속기업 존속능력에 대한 불확실성),True,False,True,False,,False,excluded_y_minus_1,C:\kwoss_C\model_test\downloads\dart_financials\상폐기업\스틸플라워\2017\087220__스틸플라워__2017__11011.json
이엠네트웍스,087730,00496225,2020,상폐기업,CFS,True,1,상폐기업,False,4,False,False,2021,2021-10-08,폐지사유: 기업의 계속성 및 경영의 투명성 등을 종합적으로 고려하여 상장폐지기준에 해당한다고 결정,True,False,True,False,,False,excluded_y_minus_1,C:\kwoss_C\model_test\downloads\dart_financials\상폐기업\이엠네트웍스\2020\087730__이엠네트웍스__2020__11011.json
에이티세미콘,089530,00458562,2023,상폐기업,CFS,True,1,상폐기업,False,4,False,False,2024,2024-09-06,폐지사유: 기업의 계속성 및 경영의 투명성 등을 종합적으로 고려하여 상장폐지 기준에 해당한다고 결정,True,False,True,False,,False,excluded_y_minus_1,C:\kwoss_C\model_test\downloads\dart_financials\상폐기업\에이티세미콘\2023\089530__에이티세미콘__2023__11011.json
연이비앤티,090740,00495554,2021,상폐기업,CFS,True,1,상폐기업,False,0,False,False,2022,2022-10-17,폐지사유: 기업의 계속성 및 경영의 투명성 등을 종합적으로 고려하여 상장폐지기준에 해당한다고 결정,True,False,True,False,,False,excluded_y_minus_1,C:\kwoss_C\model_test\downloads\dart_financials\상폐기업\연이비앤티\2021\090740__연이비앤티__2021__11011.json
코리아01호,090970,00580603,2016,상폐기업,,False,1,상폐기업,False,30,True,True,2017,2017-04-25,폐지사유: 감사의견 의견거절,True,False,True,False,,False,excluded_y_minus_1,C:\kwoss_C\model_test\downloads\dart_financials\상폐기업\코리아01호\2016\090970__코리아01호__2016__11011.json
코리아02호,090980,00580612,2016,상폐기업,,False,1,상폐기업,False,30,True,True,2017,2017-04-25,폐지사유: 감사의견 의견거절,True,False,True,False,,False,excluded_y_minus_1,C:\kwoss_C\model_test\downloads\dart_financials\상폐기업\코리아02호\2016\090980__코리아02호__2016__11011.json
코리아03호,090990,00580621,2016,상폐기업,,False,1,상폐기업,False,30,True,True,2017,2017-04-25,폐지사유: 감사의견 의견거절,True,False,True,False,,False,excluded_y_minus_1,C:\kwoss_C\model_test\downloads\dart_financials\상폐기업\코리아03호\2016\090990__코리아03호__2016__11011.json
코리아04호,091000,00580630,2016,상폐기업,,False,1,상폐기업,False,30,True,True,2017,2017-04-25,폐지사유: 감사의견 의견거절,True,False,True,False,,False,excluded_y_minus_1,C:\kwoss_C\model_test\downloads\dart_financials\상폐기업\코리아04호\2016\091000__코리아04호__2016__11011.json
유디피,091270,00612115,2017,상폐기업,,False,1,상폐기업,False,30,True,True,2018,2018-04-18,폐지사유: 지정자문인 선임계약 해지 후 30일이내 미체결(2018.04.04限),True,False,True,False,,False,excluded_y_minus_1,C:\kwoss_C\model_test\downloads\dart_financials\상폐기업\유디피\2017\091270__유디피__2017__11011.json
이엘케이,094190,00379016,2019,상폐기업,CFS,True,1,상폐기업,False,1,False,False,2020,2020-05-22,폐지사유: 감사의견 거절(감사범위 제한 및 계속기업 존속능력에 대한 불확실성),True,False,True,False,,False,excluded_y_minus_1,C:\kwoss_C\model_test\downloads\dart_financials\상폐기업\이엘케이\2019\094190__이엘케이__2019__11011.json
엔에스브이,095300,00447478,2016,상폐기업,OFS,True,1,상폐기업,False,4,False,False,2017,2017-09-12,"폐지사유: 감사의견 거절(내부회계관리제도상의 취약점, 계속기업가정의 불확실성 및 재고자산 관련 감사범위 제한)",True,False,True,False,,False,excluded_y_minus_1,C:\kwoss_C\model_test\downloads\dart_financials\상폐기업\엔에스브이\2016\095300__엔에스브이__2016__11011.json
베트남개발1,096300,00626710,2022,상폐기업,,False,1,상폐기업,False,30,True,True,2023,2023-02-02,폐지사유: 해산 사유 발생,True,False,True,False,,False,excluded_y_minus_1,C:\kwoss_C\model_test\downloads\dart_financials\상폐기업\베트남개발1\2022\096300__베트남개발1__2022__11011.json
멜파스,096640,00609315,2022,상폐기업,CFS,True,1,상폐기업,False,3,False,False,2023,2023-07-17,폐지사유: 기업의 계속성 및 경영의 투명성 등을 종합적으로 고려하여 상장폐지기준에 해당한다고 결정,True,False,True,False,,False,excluded_y_minus_1,C:\kwoss_C\model_test\downloads\dart_financials\상폐기업\멜파스\2022\096640__멜파스__2022__11011.json
신텍,099660,00599887,2017,상폐기업,CFS,True,1,상폐기업,False,3,False,False,2018,2018-07-09,폐지사유: 발행한 어음 또는 수표가 주거래은행에 의하여 최종부도로 결정되거나 거래은행에 의한 거래정지,True,False,True,False,,False,excluded_y_minus_1,C:\kwoss_C\model_test\downloads\dart_financials\상폐기업\신텍\2017\099660__신텍__2017__11011.json
씨그널엔터테인먼트그룹,099830,00232496,2017,상폐기업,CFS,True,1,상폐기업,False,4,False,False,2018,2018-05-04,폐지사유: 감사의견거절(감사범위 제한),True,False,True,False,,False,excluded_y_minus_1,C:\kwoss_C\model_test\downloads\dart_financials\상폐기업\씨그널엔터테인먼트그룹\2017\099830__씨그널엔터테인먼트그룹__2017__11011.json
SBS미디어홀딩스,101060,00650629,2021,상폐기업,,False,1,상폐기업,False,30,True,True,2022,2022-01-18,폐지사유: 해산 사유 발생,True,False,True,False,,False,excluded_y_minus_1,C:\kwoss_C\model_test\downloads\dart_financials\상폐기업\SBS미디어홀딩스\2021\101060__SBS미디어홀딩스__2021__11011.json
에이치디,102210,00299358,2020,상폐기업,CFS,True,1,상폐기업,False,4,False,False,2021,2021-04-19,폐지사유: 기업의 계속성 및 경영의 투명성 등을 종합적으로 고려하여 상장폐지기준에 해당한다고 결정,True,False,True,False,,False,excluded_y_minus_1,C:\kwoss_C\model_test\downloads\dart_financials\상폐기업\에이치디\2020\102210__에이치디__2020__11011.json
웅진에너지,103130,00609485,2019,상폐기업,OFS,True,1,상폐기업,False,2,False,False,2020,2020-06-01,폐지사유: 감사의견 의견거절 2년 계속,True,False,True,False,,False,excluded_y_minus_1,C:\kwoss_C\model_test\downloads\dart_financials\상폐기업\웅진에너지\2019\103130__웅진에너지__2019__11011.json
에이치앤아이,103650,00678281,2015,상폐기업,,False,1,상폐기업,False,30,True,True,2016,2016-07-14,폐지사유: 최종부도 발생,True,False,True,False,,False,excluded_y_minus_1,C:\kwoss_C\model_test\downloads\dart_financials\상폐기업\에이치앤아이\2015\103650__에이치앤아이__2015__11011.json
신성이엔지,104110,00686068,2016,상폐기업,,False,1,상폐기업,False,30,True,True,2017,2017-01-02,폐지사유: 해산 사유 발생,True,False,True,False,,False,excluded_y_minus_1,C:\kwoss_C\model_test\downloads\dart_financials\상폐기업\신성이엔지\2016\104110__신성이엔지__2016__11011.json
신성에프에이,104120,00686147,2016,상폐기업,,False,1,상폐기업,False,30,True,True,2017,2017-01-02,폐지사유: 해산 사유 발생,True,False,True,False,,False,excluded_y_minus_1,C:\kwoss_C\model_test\downloads\dart_financials\상폐기업\신성에프에이\2016\104120__신성에프에이__2016__11011.json
넥솔론,110570,00636045,2016,상폐기업,,False,1,상폐기업,False,30,True,True,2017,2017-04-17,폐지사유: 자본전액잠식,True,False,True,False,,False,excluded_y_minus_1,C:\kwoss_C\model_test\downloads\dart_financials\상폐기업\넥솔론\2016\110570__넥솔론__2016__11011.json
세신버팔로,110660,00555740,2017,상폐기업,,False,1,상폐기업,False,30,True,True,2018,2018-10-11,폐지사유: 지정자문인 선임계약 해지 후 30일이내 미체결(2018.9.20限),True,False,True,False,,False,excluded_y_minus_1,C:\kwoss_C\model_test\downloads\dart_financials\상폐기업\세신버팔로\2017\110660__세신버팔로__2017__11011.json
승화프리텍,111610,00609254,2015,상폐기업,CFS,True,1,상폐기업,False,4,False,False,2016,2016-01-25,"폐지사유: 기업의 계속성, 경영의 투명성 또는 그 밖에 코스닥시장의 건전성 등을 종합적으로 고려하여 상장폐지 기준에 해당한다고 결정",True,False,True,False,,False,excluded_y_minus_1,C:\kwoss_C\model_test\downloads\dart_financials\상폐기업\승화프리텍\2015\111610__승화프리텍__2015__11011.json
지유온,111820,00689418,2020,상폐기업,OFS,True,1,상폐기업,False,4,False,False,2021,2021-09-30,폐지사유: 기업의 계속성 및 경영의 투명성 등을 종합적으로 고려하여 상장폐지기준에 해당한다고 결정,True,False,True,False,,False,excluded_y_minus_1,C:\kwoss_C\model_test\downloads\dart_financials\상폐기업\지유온\2020\111820__지유온__2020__11011.json
에스에프씨,112240,00450339,2019,상폐기업,CFS,True,1,상폐기업,False,3,False,False,2020,2020-06-30,폐지사유: 감사의견 거절(감사범위 제한),True,False,True,False,,False,excluded_y_minus_1,C:\kwoss_C\model_test\downloads\dart_financials\상폐기업\에스에프씨\2019\112240__에스에프씨__2019__11011.json
크루셜텍,114120,00618401,2023,상폐기업,CFS,True,1,상폐기업,False,5,False,False,2024,2024-02-15,폐지사유: 기업의 계속성 및 경영의 투명성 등을 종합적으로 고려하여 상장폐지기준에 해당한다고 결정,True,False,True,False,,False,excluded_y_minus_1,C:\kwoss_C\model_test\downloads\dart_financials\상폐기업\크루셜텍\2023\114120__크루셜텍__2023__11011.json
지스마트글로벌,114570,00673976,2021,상폐기업,OFS,True,1,상폐기업,False,6,False,False,2022,2022-02-23,폐지사유: 감사의견 거절(감사범위 제한 및 계속기업 존속능력에 대한 불확실성),True,False,True,False,,False,excluded_y_minus_1,C:\kwoss_C\model_test\downloads\dart_financials\상폐기업\지스마트글로벌\2021\114570__지스마트글로벌__2021__11011.json
한진해운,117930,00790501,2016,상폐기업,,False,1,상폐기업,False,30,True,True,2017,2017-03-07,폐지사유: 해산 사유 발생,True,False,True,False,,False,excluded_y_minus_1,C:\kwoss_C\model_test\downloads\dart_financials\상폐기업\한진해운\2016\117930__한진해운__2016__11011.json
전우정밀,120780,00673301,2020,상폐기업,,False,1,상폐기업,False,30,True,True,2021,2021-05-06,폐지사유: 분산요건 미달,True,False,True,False,,False,excluded_y_minus_1,C:\kwoss_C\model_test\downloads\dart_financials\상폐기업\전우정밀\2020\120780__전우정밀__2020__11011.json
썬텍,122800,00527880,2019,상폐기업,,False,1,상폐기업,False,30,True,True,2020,2020-02-12,폐지사유: 기업의 계속성 및 경영의 투명성 등을 종합적으로 고려하여 상장폐지기준에 해당한다고 결정,True,False,True,False,,False,excluded_y_minus_1,C:\kwoss_C\model_test\downloads\dart_financials\상폐기업\썬텍\2019\122800__썬텍__2019__11011.json
파인넥스,123260,00671437,2019,상폐기업,,False,1,상폐기업,False,30,True,True,2020,2020-04-10,"폐지사유: 제28조제1항제9호에 따라 관리종목 지정 후 공시규정 제19조제1항에 따른 사업보고서 법정제출기한 내 미제출, 최근 2년간 3회 이상 공시규정 제19조제1항의 규정에 의한 사업보고서, 반기보고서 또는 분기보고서 법정제출기한 내 미제출",True,False,True,False,,False,excluded_y_minus_1,C:\kwoss_C\model_test\downloads\dart_financials\상폐기업\파인넥스\2019\123260__파인넥스__2019__11011.json
뉴로스,126870,00638539,2021,상폐기업,CFS,True,1,상폐기업,False,3,False,False,2022,2022-10-26,폐지사유: 감사의견 거절(감사범위 제한 및 계속기업 존속능력 불확실성),True,False,True,False,,False,excluded_y_minus_1,C:\kwoss_C\model_test\downloads\dart_financials\상폐기업\뉴로스\2021\126870__뉴로스__2021__11011.json
매직마이크로,127160,00806972,2021,상폐기업,CFS,True,1,상폐기업,False,24,False,True,2022,2022-09-22,폐지사유: 감사의견 거절(감사범위 제한 및 계속기업 존속능력 불확실성),True,False,True,False,,False,excluded_y_minus_1,C:\kwoss_C\model_test\downloads\dart_financials\상폐기업\매직마이크로\2021\127160__매직마이크로__2021__11011.json
화진,134780,00238977,2019,상폐기업,CFS,True,1,상폐기업,False,3,False,False,2020,2020-07-02,폐지사유: 감사의견거절(감사범위제한),True,False,True,False,,False,excluded_y_minus_1,C:\kwoss_C\model_test\downloads\dart_financials\상폐기업\화진\2019\134780__화진__2019__11011.json
무송지오씨,135160,00657756,2022,상폐기업,,False,1,상폐기업,False,30,True,True,2023,2023-05-02,폐지사유: 발행한 어음 또는 수표가 주거래은행에 의하여 최종부도로 결정되거나 거래은행에 의한 거래정지,True,False,True,False,,False,excluded_y_minus_1,C:\kwoss_C\model_test\downloads\dart_financials\상폐기업\무송지오씨\2022\135160__무송지오씨__2022__11011.json
세종머티리얼즈,135270,00619020,2018,상폐기업,,False,1,상폐기업,False,30,True,True,2019,2019-10-02,폐지사유: 파산선고에 따른 해산사유 발생,True,False,True,False,,False,excluded_y_minus_1,C:\kwoss_C\model_test\downloads\dart_financials\상폐기업\세종머티리얼즈\2018\135270__세종머티리얼즈__2018__11011.json
스마트솔루션즈,136510,00763358,2023,상폐기업,CFS,True,1,상폐기업,False,4,False,False,2024,2024-07-25,폐지사유: 감사의견 거절,True,False,True,False,,False,excluded_y_minus_1,C:\kwoss_C\model_test\downloads\dart_financials\상폐기업\스마트솔루션즈\2023\136510__스마트솔루션즈__2023__11011.json
엘아이에스,138690,00670085,2022,상폐기업,CFS,True,1,상폐기업,False,4,False,False,2023,2023-12-06,폐지사유: 기업의 계속성 및 경영의 투명성 등을 종합적으로 고려하여 상장폐지기준에 해당한다고 결정,True,False,True,False,,False,excluded_y_minus_1,C:\kwoss_C\model_test\downloads\dart_financials\상폐기업\엘아이에스\2022\138690__엘아이에스__2022__11011.json
트러스제7호,140890,00865382,2018,상폐기업,OFS,True,1,상폐기업,False,28,False,True,2019,2019-05-07,폐지사유: 해산 사유 발생,True,False,True,False,,False,excluded_y_minus_1,C:\kwoss_C\model_test\downloads\dart_financials\상폐기업\트러스제7호\2018\140890__트러스제7호__2018__11011.json
디에스앤엘,141020,00812362,2023,상폐기업,,False,1,상폐기업,False,30,True,True,2024,2024-01-03,폐지사유: 기업의 계속성 및 경영의 투명성 등을 종합적으로 고려하여 상장폐지기준에 해당한다고 결정,True,False,True,False,,False,excluded_y_minus_1,C:\kwoss_C\model_test\downloads\dart_financials\상폐기업\디에스앤엘\2023\141020__디에스앤엘__2023__11011.json
맥스로텍,141070,00678096,2020,상폐기업,OFS,True,1,상폐기업,False,3,False,False,2021,2021-09-16,폐지사유: 발행한 어음 또는 수표가 주거래은행에 의하여 최종부도로 결정되거나 거래은행에 의한 거래정지,True,False,True,False,,False,excluded_y_minus_1,C:\kwoss_C\model_test\downloads\dart_financials\상폐기업\맥스로텍\2020\141070__맥스로텍__2020__11011.json
피엠디아카데미,144740,00835734,2017,상폐기업,,False,1,상폐기업,False,30,True,True,2018,2018-08-07,폐지사유: 지정자문인 선임계약 해지 후 30일이내 미체결(2018.07.24限),True,False,True,False,,False,excluded_y_minus_1,C:\kwoss_C\model_test\downloads\dart_financials\상폐기업\피엠디아카데미\2017\144740__피엠디아카데미__2017__11011.json
비디아이,148140,00610490,2023,상폐기업,CFS,True,1,상폐기업,False,6,False,False,2024,2024-06-07,폐지사유: 기업의 계속성 및 경영의 투명성 등을 종합적으로 고려하여 상장폐지기준에 해당한다고 결정,True,False,True,False,,False,excluded_y_minus_1,C:\kwoss_C\model_test\downloads\dart_financials\상폐기업\비디아이\2023\148140__비디아이__2023__11011.json
모다,149940,00757816,2019,상폐기업,CFS,True,1,상폐기업,False,4,False,False,2020,2020-07-10,폐지사유: 감사의견거절(감사범위 제한),True,False,True,False,,False,excluded_y_minus_1,C:\kwoss_C\model_test\downloads\dart_financials\상폐기업\모다\2019\149940__모다__2019__11011.json
피노텍,150440,00990262,2023,상폐기업,OFS,True,1,상폐기업,False,6,False,False,2024,2024-03-21,폐지사유: 외부감사인의 감사의견 의견거절,True,False,True,False,,False,excluded_y_minus_1,C:\kwoss_C\model_test\downloads\dart_financials\상폐기업\피노텍\2023\150440__피노텍__2023__11011.json
코리아오토글라스,152330,00351418,2019,상폐기업,OFS,True,1,상폐기업,False,5,False,False,2020,2020-12-18,폐지사유: 해산 사유 발생,True,False,True,False,,False,excluded_y_minus_1,C:\kwoss_C\model_test\downloads\dart_financials\상폐기업\코리아오토글라스\2019\152330__코리아오토글라스__2019__11011.json
하이골드3호,153360,00905316,2021,상폐기업,CFS,True,1,상폐기업,False,7,False,False,2022,2022-04-11,폐지사유: 감사의견 부적정,True,False,True,False,,False,excluded_y_minus_1,C:\kwoss_C\model_test\downloads\dart_financials\상폐기업\하이골드3호\2021\153360__하이골드3호__2021__11011.json
지디,155960,00676122,2017,상폐기업,CFS,True,1,상폐기업,False,3,False,False,2018,2018-10-12,폐지사유: 감사의견 거절(감사범위 제한),True,False,True,False,,False,excluded_y_minus_1,C:\kwoss_C\model_test\downloads\dart_financials\상폐기업\지디\2017\155960__지디__2017__11011.json
비앤에스미디어,156170,00974459,2016,상폐기업,,False,1,상폐기업,False,30,True,True,2017,2017-07-13,폐지사유: 지정자문인 선임계약 해지 후 30일이내 미체결(2017.6.29限),True,False,True,False,,False,excluded_y_minus_1,C:\kwoss_C\model_test\downloads\dart_financials\상폐기업\비앤에스미디어\2016\156170__비앤에스미디어__2016__11011.json
참존글로벌,158310,00923899,2021,상폐기업,CFS,True,1,상폐기업,False,4,False,False,2022,2022-11-09,폐지사유: 기업의 계속성 및 경영의 투명성 등을 종합적으로 고려하여 상장폐지기준에 해당한다고 결정,True,False,True,False,,False,excluded_y_minus_1,C:\kwoss_C\model_test\downloads\dart_financials\상폐기업\참존글로벌\2021\158310__참존글로벌__2021__11011.json
하이골드8호,159650,00930321,2019,상폐기업,CFS,True,1,상폐기업,False,8,False,False,2020,2020-04-27,폐지사유: 감사의견 부적정,True,False,True,False,,False,excluded_y_minus_1,C:\kwoss_C\model_test\downloads\dart_financials\상폐기업\하이골드8호\2019\159650__하이골드8호__2019__11011.json
THE MIDONG,161570,00945208,2023,상폐기업,CFS,True,1,상폐기업,False,6,False,False,2024,2024-06-17,폐지사유: 기업의 계속성 및 경영의 투명성 등을 종합적으로 고려하여 상장폐지기준에 해당한다고 결정,True,False,True,False,,False,excluded_y_minus_1,C:\kwoss_C\model_test\downloads\dart_financials\상폐기업\THE_MIDONG\2023\161570__THE_MIDONG__2023__11011.json
디피코,163430,01072518,2023,상폐기업,,False,1,상폐기업,False,30,True,True,2024,2024-06-18,폐지사유: '22사업연도 감사의견 의견거절 및 '23사업연도 사업보고서 미제출,True,False,True,False,,False,excluded_y_minus_1,C:\kwoss_C\model_test\downloads\dart_financials\상폐기업\디피코\2023\163430__디피코__2023__11011.json
금오하이텍,165270,00659815,2016,상폐기업,,False,1,상폐기업,False,30,True,True,2017,2017-06-07,폐지사유: 최종부도 발생,True,False,True,False,,False,excluded_y_minus_1,C:\kwoss_C\model_test\downloads\dart_financials\상폐기업\금오하이텍\2016\165270__금오하이텍__2016__11011.json
에이치엔티,176440,00872452,2021,상폐기업,CFS,True,1,상폐기업,False,7,False,False,2022,2022-06-27,폐지사유: 기업의 계속성 및 경영의 투명성 등을 종합적을 고려하여 상장폐지기준에 해당한다고 결정,True,False,True,False,,False,excluded_y_minus_1,C:\kwoss_C\model_test\downloads\dart_financials\상폐기업\에이치엔티\2021\176440__에이치엔티__2021__11011.json
이즈미디어,181340,00861720,2023,상폐기업,CFS,True,1,상폐기업,False,4,False,False,2024,2024-07-10,폐지사유: 감사범위 제한,True,False,True,False,,False,excluded_y_minus_1,C:\kwoss_C\model_test\downloads\dart_financials\상폐기업\이즈미디어\2023\181340__이즈미디어__2023__11011.json
테라셈,182690,00411905,2021,상폐기업,CFS,True,1,상폐기업,False,5,False,False,2022,2022-10-17,폐지사유: 감사의견 거절(감사범위 제한),True,False,True,False,,False,excluded_y_minus_1,C:\kwoss_C\model_test\downloads\dart_financials\상폐기업\테라셈\2021\182690__테라셈__2021__11011.json
LPK로보틱스,183350,00989327,2019,상폐기업,,False,1,상폐기업,False,30,True,True,2020,2020-06-17,"폐지사유: 외부감사인의 감사의견 거절(감사범위 제한), 감사의견 한정(감사범위 제한)",True,False,True,False,,False,excluded_y_minus_1,C:\kwoss_C\model_test\downloads\dart_financials\상폐기업\LPK로보틱스\2019\183350__LPK로보틱스__2019__11011.json
이푸른,185280,00893923,2015,상폐기업,,False,1,상폐기업,False,30,True,True,2016,2016-12-05,폐지사유: 지정자문인 선임계약 해지 후 30일이내 미체결(2016.11.21限),True,False,True,False,,False,excluded_y_minus_1,C:\kwoss_C\model_test\downloads\dart_financials\상폐기업\이푸른\2015\185280__이푸른__2015__11011.json
씨티네트웍스,189540,00961136,2019,상폐기업,,False,1,상폐기업,False,30,True,True,2020,2020-05-12,폐지사유: 감사의견 거절(계속기업 존속능력에 대한 불확실성),True,False,True,False,,False,excluded_y_minus_1,C:\kwoss_C\model_test\downloads\dart_financials\상폐기업\씨티네트웍스\2019\189540__씨티네트웍스__2019__11011.json
디피앤케이,189700,00632331,2016,상폐기업,,False,1,상폐기업,False,30,True,True,2017,2017-08-31,폐지사유: 지정자문인 선임계약 해지 후 30일이내 미체결(2017.08.17限),True,False,True,False,,False,excluded_y_minus_1,C:\kwoss_C\model_test\downloads\dart_financials\상폐기업\디피앤케이\2016\189700__디피앤케이__2016__11011.json
파티게임즈,194510,00977696,2019,상폐기업,CFS,True,1,상폐기업,False,5,False,False,2020,2020-09-09,폐지사유: 감사의견거절(감사범위 제한),True,False,True,False,,False,excluded_y_minus_1,C:\kwoss_C\model_test\downloads\dart_financials\상폐기업\파티게임즈\2019\194510__파티게임즈__2019__11011.json
우성아이비,194610,01011562,2017,상폐기업,CFS,True,1,상폐기업,False,3,False,False,2018,2018-10-12,폐지사유: 감사의견거절(감사범위 제한 및 계속기업 존속능력에 대한 불확실성),True,False,True,False,,False,excluded_y_minus_1,C:\kwoss_C\model_test\downloads\dart_financials\상폐기업\우성아이비\2017\194610__우성아이비__2017__11011.json
SY이노베이션,194860,00992312,2016,상폐기업,,False,1,상폐기업,False,30,True,True,2017,2017-04-12,폐지사유: 감사의견 거절(감사범위제한),True,False,True,False,,False,excluded_y_minus_1,C:\kwoss_C\model_test\downloads\dart_financials\상폐기업\SY이노베이션\2016\194860__SY이노베이션__2016__11011.json
퓨전,195440,01113949,2020,상폐기업,CFS,True,1,상폐기업,False,4,False,False,2021,2021-06-10,폐지사유: 감사의견 거절(감사범위 제한 및 계속기업 존속능력에 대한 불확실성),True,False,True,False,,False,excluded_y_minus_1,C:\kwoss_C\model_test\downloads\dart_financials\상폐기업\퓨전\2020\195440__퓨전__2020__11011.json
리드,197210,00601641,2019,상폐기업,CFS,True,1,상폐기업,False,0,False,False,2020,2020-05-14,폐지사유: 기업의 계속성 및 경영의 투명성 등을 종합적으로 고려하여 상장폐지기준에 해당한다고 결정,True,False,True,False,,False,excluded_y_minus_1,C:\kwoss_C\model_test\downloads\dart_financials\상폐기업\리드\2019\197210__리드__2019__11011.json
(주)배터리솔루션,199870,00929778,2017,상폐기업,,False,1,상폐기업,False,30,True,True,2018,2018-03-28,폐지사유: 지정자문인 선임계약 해지후 30일이내 미체결(18.3.14限),True,False,True,False,,False,excluded_y_minus_1,C:\kwoss_C\model_test\downloads\dart_financials\상폐기업\(주)배터리솔루션\2017\199870__(주)배터리솔루션__2017__11011.json
대우스팩2호,204440,01038161,2016,상폐기업,,False,1,상폐기업,False,30,True,True,2017,2017-05-29,폐지사유: 상장예비심사 청구서 미제출로 관리종목 지정 후 1개월 이내 동 사유 미해소,True,False,True,False,,False,excluded_y_minus_1,C:\kwoss_C\model_test\downloads\dart_financials\상폐기업\대우스팩2호\2016\204440__대우스팩2호__2016__11011.json
케이티비스팩1호,204650,01043871,2016,상폐기업,,False,1,상폐기업,False,30,True,True,2017,2017-07-07,폐지사유: 상장예비심사 청구서 미제출로 관리종목 지정 후 1개월 이내 동 사유 미해소,True,False,True,False,,False,excluded_y_minus_1,C:\kwoss_C\model_test\downloads\dart_financials\상폐기업\케이티비스팩1호\2016\204650__케이티비스팩1호__2016__11011.json
현대에이블스팩1호,204760,01041217,2016,상폐기업,,False,1,상폐기업,False,30,True,True,2017,2017-06-15,폐지사유: 상장예비심사 청구서 미제출로 관리종목 지정 후 1개월 이내 동 사유 미해소,True,False,True,False,,False,excluded_y_minus_1,C:\kwoss_C\model_test\downloads\dart_financials\상폐기업\현대에이블스팩1호\2016\204760__현대에이블스팩1호__2016__11011.json
코썬바이오,204990,00874195,2019,상폐기업,CFS,True,1,상폐기업,False,1,False,False,2020,2020-08-11,폐지사유: 기업의 계속성 및 경영의 투명성 등을 종합적으로 고려하여 상장폐지기준에 해당한다고 결정,True,False,True,False,,False,excluded_y_minus_1,C:\kwoss_C\model_test\downloads\dart_financials\상폐기업\코썬바이오\2019\204990__코썬바이오__2019__11011.json
케미메디,205290,01086812,2019,상폐기업,,False,1,상폐기업,False,30,True,True,2020,2020-05-13,폐지사유: 외부감사인의 감사의견 의견거절(감사범위 제한),True,False,True,False,,False,excluded_y_minus_1,C:\kwoss_C\model_test\downloads\dart_financials\상폐기업\케미메디\2019\205290__케미메디__2019__11011.json
골든브릿지제2호스팩,206660,01046179,2016,상폐기업,,False,1,상폐기업,False,30,True,True,2017,2017-10-20,폐지사유: 상장예비심사 청구서 미제출로 관리종목 지정 후 1개월 이내 동 사유 미해소,True,False,True,False,,False,excluded_y_minus_1,C:\kwoss_C\model_test\downloads\dart_financials\상폐기업\골든브릿지제2호스팩\2016\206660__골든브릿지제2호스팩__2016__11011.json
디와이엘엔제이,207230,00959265,2015,상폐기업,,False,1,상폐기업,False,30,True,True,2016,2016-07-26,폐지사유: 지정자문인 선임계약의 해지한 날의 다음날부터 30일이내(2016.07.12限) 지정자문인 선임계약 미체결,True,False,True,False,,False,excluded_y_minus_1,C:\kwoss_C\model_test\downloads\dart_financials\상폐기업\디와이엘엔제이\2015\207230__디와이엘엔제이__2015__11011.json
엔에이치SL스팩,207720,01047567,2016,상폐기업,,False,1,상폐기업,False,30,True,True,2017,2017-10-16,폐지사유: 상장예비심사 청구서 미제출로 관리종목 지정 후 1개월 이내 동 사유 미해소,True,False,True,False,,False,excluded_y_minus_1,C:\kwoss_C\model_test\downloads\dart_financials\상폐기업\엔에이치SL스팩\2016\207720__엔에이치SL스팩__2016__11011.json
SK1호스팩,207930,01047929,2016,상폐기업,,False,1,상폐기업,False,30,True,True,2017,2017-11-06,폐지사유: 상장예비심사 청구서 미제출로 관리종목 지정 후 1개월 이내 동 사유 미해소,True,False,True,False,,False,excluded_y_minus_1,C:\kwoss_C\model_test\downloads\dart_financials\상폐기업\SK1호스팩\2016\207930__SK1호스팩__2016__11011.json
하나머스트3호스팩,208870,01047716,2016,상폐기업,OFS,True,1,상폐기업,False,14,False,True,2017,2017-07-31,폐지사유: 상장예비심사 청구서 미제출로 관리종목 지정 후 1개월 이내 동 사유 미해소,True,False,True,False,,False,excluded_y_minus_1,C:\kwoss_C\model_test\downloads\dart_financials\상폐기업\하나머스트3호스팩\2016\208870__하나머스트3호스팩__2016__11011.json
에스엘에너지,214310,00957568,2023,상폐기업,CFS,True,1,상폐기업,False,4,False,False,2024,2024-12-23,폐지사유: 기업의 계속성 및 경영의 투명성 등을 종합적으로 고려하여 상장폐지기준에 해당한다고 결정,True,False,True,False,,False,excluded_y_minus_1,C:\kwoss_C\model_test\downloads\dart_financials\상폐기업\에스엘에너지\2023\214310__에스엘에너지__2023__11011.json
비엔디생활건강,215050,01055317,2022,상폐기업,,False,1,상폐기업,False,30,True,True,2023,2023-04-21,폐지사유: 감사의견 의견거절(감사범위제한),True,False,True,False,,False,excluded_y_minus_1,C:\kwoss_C\model_test\downloads\dart_financials\상폐기업\비엔디생활건강\2022\215050__비엔디생활건강__2022__11011.json
대우스팩3호,215580,01064315,2016,상폐기업,,False,1,상폐기업,False,30,True,True,2017,2017-12-26,폐지사유: 상장예비심사 청구서 미제출로 관리종목 지정 후 1개월 이내 동 사유 미해소,True,False,True,False,,False,excluded_y_minus_1,C:\kwoss_C\model_test\downloads\dart_financials\상폐기업\대우스팩3호\2016\215580__대우스팩3호__2016__11011.json
미래에셋제3호스팩,215750,01065536,2017,상폐기업,,False,1,상폐기업,False,30,True,True,2018,2018-01-04,폐지사유: 상장예비심사 청구서 미제출로 관리종목 지정 후 1개월 이내 동 사유 미해소,True,False,True,False,,False,excluded_y_minus_1,C:\kwoss_C\model_test\downloads\dart_financials\상폐기업\미래에셋제3호스팩\2017\215750__미래에셋제3호스팩__2017__11011.json
엔에이치스팩7호,217810,01072660,2017,상폐기업,,False,1,상폐기업,False,30,True,True,2018,2018-01-19,폐지사유: 상장예비심사 청구서 미제출로 관리종목 지정 후 1개월 이내 동 사유 미해소,True,False,True,False,,False,excluded_y_minus_1,C:\kwoss_C\model_test\downloads\dart_financials\상폐기업\엔에이치스팩7호\2017\217810__엔에이치스팩7호__2017__11011.json
키움스팩3호,218710,01075047,2017,상폐기업,,False,1,상폐기업,False,30,True,True,2018,2018-02-14,폐지사유: 상장예비심사 청구서 미제출로 관리종목 지정 후 1개월 이내 동 사유 미해소,True,False,True,False,,False,excluded_y_minus_1,C:\kwoss_C\model_test\downloads\dart_financials\상폐기업\키움스팩3호\2017\218710__키움스팩3호__2017__11011.json
골든브릿지제3호스팩,219580,01080410,2017,상폐기업,,False,1,상폐기업,False,30,True,True,2018,2018-02-07,폐지사유: 상장예비심사 청구서 미제출로 관리종목 지정 후 1개월 이내 동 사유 미해소,True,False,True,False,,False,excluded_y_minus_1,C:\kwoss_C\model_test\downloads\dart_financials\상폐기업\골든브릿지제3호스팩\2017\219580__골든브릿지제3호스팩__2017__11011.json
한화에이스스팩2호,219860,01087079,2017,상폐기업,,False,1,상폐기업,False,30,True,True,2018,2018-03-02,폐지사유: 상장예비심사 청구서 미제출로 관리종목 지정 후 1개월 이내 동 사유 미해소,True,False,True,False,,False,excluded_y_minus_1,C:\kwoss_C\model_test\downloads\dart_financials\상폐기업\한화에이스스팩2호\2017\219860__한화에이스스팩2호__2017__11011.json
유안타제2호스팩,219960,01089387,2017,상폐기업,,False,1,상폐기업,False,30,True,True,2018,2018-02-23,폐지사유: 상장예비심사 청구서 미제출로 관리종목 지정 후 1개월 이내 동 사유 미해소,True,False,True,False,,False,excluded_y_minus_1,C:\kwoss_C\model_test\downloads\dart_financials\상폐기업\유안타제2호스팩\2017\219960__유안타제2호스팩__2017__11011.json
드림티엔터테인먼트,220110,01066030,2019,상폐기업,,False,1,상폐기업,False,30,True,True,2020,2020-04-10,폐지사유: 사업보고서 법정제출기한('20.3.30限)내 미제출,True,False,True,False,,False,excluded_y_minus_1,C:\kwoss_C\model_test\downloads\dart_financials\상폐기업\드림티엔터테인먼트\2019\220110__드림티엔터테인먼트__2019__11011.json
유진스팩3호,221200,01089828,2017,상폐기업,,False,1,상폐기업,False,30,True,True,2018,2018-04-17,폐지사유: 상장예비심사 청구서 미제출로 관리종목 지정 후 1개월 이내 동 사유 미해소,True,False,True,False,,False,excluded_y_minus_1,C:\kwoss_C\model_test\downloads\dart_financials\상폐기업\유진스팩3호\2017\221200__유진스팩3호__2017__11011.json
자안바이오,221610,00493431,2021,상폐기업,,False,1,상폐기업,False,30,True,True,2022,2022-01-05,폐지사유: 발행한 어음 또는 수표가 주거래은행에 의하여 최종부도로 결정되거나 거래은행에 의한 거래정지,True,False,True,False,,False,excluded_y_minus_1,C:\kwoss_C\model_test\downloads\dart_financials\상폐기업\자안바이오\2021\221610__자안바이오__2021__11011.json
주노콜렉션,221670,01076550,2018,상폐기업,,False,1,상폐기업,False,30,True,True,2019,2019-07-16,폐지사유: 지정자문인 선임계약 해지 후 30일 이내 미체결(2019.7.2 限),True,False,True,False,,False,excluded_y_minus_1,C:\kwoss_C\model_test\downloads\dart_financials\상폐기업\주노콜렉션\2018\221670__주노콜렉션__2018__11011.json
케이비드림3호스팩,221950,01089961,2017,상폐기업,,False,1,상폐기업,False,30,True,True,2018,2018-03-30,폐지사유: 상장예비심사 청구서 미제출로 관리종목 지정 후 1개월 이내 동 사유 미해소,True,False,True,False,,False,excluded_y_minus_1,C:\kwoss_C\model_test\downloads\dart_financials\상폐기업\케이비드림3호스팩\2017\221950__케이비드림3호스팩__2017__11011.json
케이비제8호스팩,222390,01090301,2017,상폐기업,,False,1,상폐기업,False,30,True,True,2018,2018-03-13,폐지사유: 상장예비심사 청구서 미제출로 관리종목 지정 후 1개월 이내 동 사유 미해소,True,False,True,False,,False,excluded_y_minus_1,C:\kwoss_C\model_test\downloads\dart_financials\상폐기업\케이비제8호스팩\2017\222390__케이비제8호스팩__2017__11011.json
교보5호스팩,223040,01091391,2017,상폐기업,,False,1,상폐기업,False,30,True,True,2018,2018-03-30,폐지사유: 상장예비심사 청구서 미제출로 관리종목 지정 후 1개월 이내 동 사유 미해소,True,False,True,False,,False,excluded_y_minus_1,C:\kwoss_C\model_test\downloads\dart_financials\상폐기업\교보5호스팩\2017\223040__교보5호스팩__2017__11011.json
SGA클라우드서비스,224880,01137897,2020,상폐기업,OFS,True,1,상폐기업,False,4,False,False,2021,2021-05-06,폐지사유: 분산요건 미달,True,False,True,False,,False,excluded_y_minus_1,C:\kwoss_C\model_test\downloads\dart_financials\상폐기업\SGA클라우드서비스\2020\224880__SGA클라우드서비스__2020__11011.json
이베스트스팩3호,225440,01094565,2017,상폐기업,,False,1,상폐기업,False,30,True,True,2018,2018-05-28,폐지사유: 상장예비심사 청구서 미제출로 관리종목 지정 후 1개월 이내 동 사유 미해소,True,False,True,False,,False,excluded_y_minus_1,C:\kwoss_C\model_test\downloads\dart_financials\상폐기업\이베스트스팩3호\2017\225440__이베스트스팩3호__2017__11011.json
미애부,225850,00866594,2021,상폐기업,,False,1,상폐기업,False,30,True,True,2022,2022-04-27,폐지사유: 감사의견 의견거절(감사범위제한 및 계속기업 존속불확실성),True,False,True,False,,False,excluded_y_minus_1,C:\kwoss_C\model_test\downloads\dart_financials\상폐기업\미애부\2021\225850__미애부__2021__11011.json
엠앤씨생명과학,225860,01116274,2021,상폐기업,,False,1,상폐기업,False,30,True,True,2022,2022-04-27,폐지사유: 감사의견 의견거절(감사범위제한 및 계속기업 존속불확실성),True,False,True,False,,False,excluded_y_minus_1,C:\kwoss_C\model_test\downloads\dart_financials\상폐기업\엠앤씨생명과학\2021\225860__엠앤씨생명과학__2021__11011.json
아이엠텍,226350,00809517,2020,상폐기업,OFS,True,1,상폐기업,False,1,False,False,2021,2021-06-11,폐지사유: 감사의견 거절(감사범위 제한),True,False,True,False,,False,excluded_y_minus_1,C:\kwoss_C\model_test\downloads\dart_financials\상폐기업\아이엠텍\2020\226350__아이엠텍__2020__11011.json
키움스팩4호,226850,01102800,2017,상폐기업,,False,1,상폐기업,False,30,True,True,2018,2018-06-05,폐지사유: 상장예비심사 청구서 미제출로 관리종목 지정 후 1개월 이내 동 사유 미해소,True,False,True,False,,False,excluded_y_minus_1,C:\kwoss_C\model_test\downloads\dart_financials\상폐기업\키움스팩4호\2017\226850__키움스팩4호__2017__11011.json
동부제4호스팩,230490,01109186,2017,상폐기업,,False,1,상폐기업,False,30,True,True,2018,2018-07-26,폐지사유: 상장예비심사 청구서 미제출로 관리종목 지정 후 1개월 이내 동 사유 미해소,True,False,True,False,,False,excluded_y_minus_1,C:\kwoss_C\model_test\downloads\dart_financials\상폐기업\동부제4호스팩\2017\230490__동부제4호스팩__2017__11011.json
케이비제9호스팩,232270,01111020,2017,상폐기업,,False,1,상폐기업,False,30,True,True,2018,2018-10-12,폐지사유: 상장예비심사 청구서 미제출로 관리종목 지정 후 1개월 이내 동 사유 미해소,True,False,True,False,,False,excluded_y_minus_1,C:\kwoss_C\model_test\downloads\dart_financials\상폐기업\케이비제9호스팩\2017\232270__케이비제9호스팩__2017__11011.json
SK3호스팩,232330,01111570,2018,상폐기업,,False,1,상폐기업,False,30,True,True,2019,2019-08-30,폐지사유: 상장예비심사 청구서 미제출로 관리종목 지정 후 1개월 이내 동 사유 미해소,True,False,True,False,,False,excluded_y_minus_1,C:\kwoss_C\model_test\downloads\dart_financials\상폐기업\SK3호스팩\2018\232330__SK3호스팩__2018__11011.json
아스팩오일,232360,00318538,2016,상폐기업,,False,1,상폐기업,False,30,True,True,2017,2017-07-25,폐지사유: 지정자문인 선임계약 해지 후 30일이내 미체결(2017.07.11限),True,False,True,False,,False,excluded_y_minus_1,C:\kwoss_C\model_test\downloads\dart_financials\상폐기업\아스팩오일\2016\232360__아스팩오일__2016__11011.json
하이에이아이1호스팩,235010,01117103,2017,상폐기업,,False,1,상폐기업,False,30,True,True,2018,2018-10-12,폐지사유: 상장예비심사 청구서 미제출로 관리종목 지정 후 1개월 이내 동 사유 미해소,True,False,True,False,,False,excluded_y_minus_1,C:\kwoss_C\model_test\downloads\dart_financials\상폐기업\하이에이아이1호스팩\2017\235010__하이에이아이1호스팩__2017__11011.json
태경피엔에스,235090,01095892,2017,상폐기업,,False,1,상폐기업,False,30,True,True,2018,2018-05-09,폐지사유: 감사의견 거절(감사범위 제한),True,False,True,False,,False,excluded_y_minus_1,C:\kwoss_C\model_test\downloads\dart_financials\상폐기업\태경피엔에스\2017\235090__태경피엔에스__2017__11011.json
인터코스,240340,01117592,2021,상폐기업,,False,1,상폐기업,False,30,True,True,2022,2022-05-17,폐지사유: 외부감사인의 감사의견 의견거절,True,False,True,False,,False,excluded_y_minus_1,C:\kwoss_C\model_test\downloads\dart_financials\상폐기업\인터코스\2021\240340__인터코스__2021__11011.json
한국4호스팩,240540,01130937,2018,상폐기업,,False,1,상폐기업,False,30,True,True,2019,2019-01-29,폐지사유: 상장예비심사 청구서 미제출로 관리종목 지정 후 1개월 이내 동 사유 미해소,True,False,True,False,,False,excluded_y_minus_1,C:\kwoss_C\model_test\downloads\dart_financials\상폐기업\한국4호스팩\2018\240540__한국4호스팩__2018__11011.json
이에스산업,241510,01119387,2020,상폐기업,,False,1,상폐기업,False,30,True,True,2021,2021-01-26,폐지사유: 지정자문인 선임계약 해지 후 30일 이내 미체결(2021.1.13 限),True,False,True,False,,False,excluded_y_minus_1,C:\kwoss_C\model_test\downloads\dart_financials\상폐기업\이에스산업\2020\241510__이에스산업__2020__11011.json
피엔아이컴퍼니,242350,00990563,2022,상폐기업,,False,1,상폐기업,False,30,True,True,2023,2023-09-18,폐지사유: 지정자문인 선임계약 해지 후 30일 이내 미체결(2023.9.4 限),True,False,True,False,,False,excluded_y_minus_1,C:\kwoss_C\model_test\downloads\dart_financials\상폐기업\피엔아이컴퍼니\2022\242350__피엔아이컴퍼니__2022__11011.json
영현무역,242850,01113781,2018,상폐기업,,False,1,상폐기업,False,30,True,True,2019,2019-05-22,폐지사유: 지정자문인 선임계약 해지 후 30일 이내 미체결(2019.5.8 限),True,False,True,False,,False,excluded_y_minus_1,C:\kwoss_C\model_test\downloads\dart_financials\상폐기업\영현무역\2018\242850__영현무역__2018__11011.json
시냅스엠,246830,01115257,2017,상폐기업,,False,1,상폐기업,False,30,True,True,2018,2018-05-14,폐지사유: 감사의견 거절(계속기업 존속능력에 대한 불확실성),True,False,True,False,,False,excluded_y_minus_1,C:\kwoss_C\model_test\downloads\dart_financials\상폐기업\시냅스엠\2017\246830__시냅스엠__2017__11011.json
젬,248020,01169498,2023,상폐기업,,False,1,상폐기업,False,30,True,True,2024,2024-04-05,폐지사유: 외부감사인의 감사의견 의견거절,True,False,True,False,,False,excluded_y_minus_1,C:\kwoss_C\model_test\downloads\dart_financials\상폐기업\젬\2023\248020__젬__2023__11011.json
제이에스피브이,250300,01018954,2018,상폐기업,,False,1,상폐기업,False,30,True,True,2019,2019-03-04,폐지사유: 지정자문인 선임계약 해지 후 30일이내 미체결(2019.2.1 限),True,False,True,False,,False,excluded_y_minus_1,C:\kwoss_C\model_test\downloads\dart_financials\상폐기업\제이에스피브이\2018\250300__제이에스피브이__2018__11011.json
에스와이제이,251540,01117495,2017,상폐기업,,False,1,상폐기업,False,30,True,True,2018,2018-09-07,폐지사유: 감사의견 거절(감사범위 제한),True,False,True,False,,False,excluded_y_minus_1,C:\kwoss_C\model_test\downloads\dart_financials\상폐기업\에스와이제이\2017\251540__에스와이제이__2017__11011.json
유쎌,252370,01063963,2019,상폐기업,,False,1,상폐기업,False,30,True,True,2020,2020-02-27,폐지사유: 지정자문인 선임계약 해지 후 30일 이내 미체결(2020.2.13 限),True,False,True,False,,False,excluded_y_minus_1,C:\kwoss_C\model_test\downloads\dart_financials\상폐기업\유쎌\2019\252370__유쎌__2019__11011.json
에스엠로보틱스,252940,01111765,2017,상폐기업,,False,1,상폐기업,False,30,True,True,2018,2018-04-25,폐지사유: 감사의견 거절(감사범위 제한 및 계속기업 존속능력에 대한 불확실성),True,False,True,False,,False,excluded_y_minus_1,C:\kwoss_C\model_test\downloads\dart_financials\상폐기업\에스엠로보틱스\2017\252940__에스엠로보틱스__2017__11011.json
신한제3호스팩,257730,01179839,2018,상폐기업,,False,1,상폐기업,False,30,True,True,2019,2019-10-01,폐지사유: 상장예비심사 청구서 미제출로 관리종목 지정 후 1개월 이내 동 사유 미해소,True,False,True,False,,False,excluded_y_minus_1,C:\kwoss_C\model_test\downloads\dart_financials\상폐기업\신한제3호스팩\2018\257730__신한제3호스팩__2018__11011.json
셀젠텍,258250,01117918,2023,상폐기업,,False,1,상폐기업,False,30,True,True,2024,2024-08-30,폐지사유: 지정자문인 선임계약 해지 후 30일 이내 미체결(2024.8.16 限),True,False,True,False,,False,excluded_y_minus_1,C:\kwoss_C\model_test\downloads\dart_financials\상폐기업\셀젠텍\2023\258250__셀젠텍__2023__11011.json
캐로스,260490,01018167,2016,상폐기업,,False,1,상폐기업,False,30,True,True,2017,2017-11-29,폐지사유: 지정자문인 선임계약 해지 후 30일이내 미체결(2017.11.15限),True,False,True,False,,False,excluded_y_minus_1,C:\kwoss_C\model_test\downloads\dart_financials\상폐기업\캐로스\2016\260490__캐로스__2016__11011.json
대신밸런스제4호스팩,262830,01194759,2018,상폐기업,,False,1,상폐기업,False,30,True,True,2019,2019-10-10,폐지사유: 상장예비심사 청구서 미제출로 관리종목 지정 후 1개월 이내 동 사유 미해소,True,False,True,False,,False,excluded_y_minus_1,C:\kwoss_C\model_test\downloads\dart_financials\상폐기업\대신밸런스제4호스팩\2018\262830__대신밸런스제4호스팩__2018__11011.json
어스앤에어로스페이스,263540,00971090,2023,상폐기업,OFS,True,1,상폐기업,False,4,False,False,2024,2024-11-06,폐지사유: 기업의 계속성 및 경영의 투명성 등을 종합적으로 고려하여 상장폐지기준에 해당한다고 결정,True,False,True,False,,False,excluded_y_minus_1,C:\kwoss_C\model_test\downloads\dart_financials\상폐기업\어스앤에어로스페이스\2023\263540__어스앤에어로스페이스__2023__11011.json
한화에이스스팩3호,264290,01197428,2018,상폐기업,,False,1,상폐기업,False,30,True,True,2019,2019-12-06,폐지사유: 상장예비심사 청구서 미제출로 관리종목 지정 후 1개월 이내 동 사유 미해소,True,False,True,False,,False,excluded_y_minus_1,C:\kwoss_C\model_test\downloads\dart_financials\상폐기업\한화에이스스팩3호\2018\264290__한화에이스스팩3호__2018__11011.json
미래에셋대우스팩1호,265480,01199985,2019,상폐기업,,False,1,상폐기업,False,30,True,True,2020,2020-01-03,폐지사유: 상장예비심사 청구서 미제출로 관리종목 지정 후 1개월 이내 동 사유 미해소,True,False,True,False,,False,excluded_y_minus_1,C:\kwoss_C\model_test\downloads\dart_financials\상폐기업\미래에셋대우스팩1호\2019\265480__미래에셋대우스팩1호__2019__11011.json
한화수성스팩,265920,01201581,2019,상폐기업,,False,1,상폐기업,False,30,True,True,2020,2020-01-15,폐지사유: 상장예비심사 청구서 미제출로 관리종목 지정후 1개월 이내 동사유를 미해소,True,False,True,False,,False,excluded_y_minus_1,C:\kwoss_C\model_test\downloads\dart_financials\상폐기업\한화수성스팩\2019\265920__한화수성스팩__2019__11011.json
명진홀딩스,267060,01190513,2022,상폐기업,,False,1,상폐기업,False,30,True,True,2023,2023-04-18,폐지사유: 지정자문인 선임계약 해지 후 30일 이내 미체결(2023.4.4 限),True,False,True,False,,False,excluded_y_minus_1,C:\kwoss_C\model_test\downloads\dart_financials\상폐기업\명진홀딩스\2022\267060__명진홀딩스__2022__11011.json
앙츠,267810,01187865,2022,상폐기업,,False,1,상폐기업,False,30,True,True,2023,2023-04-04,폐지사유: 지정자문인 선임계약 해지 후 30일 이내 미체결(2023.3.21 限),True,False,True,False,,False,excluded_y_minus_1,C:\kwoss_C\model_test\downloads\dart_financials\상폐기업\앙츠\2022\267810__앙츠__2022__11011.json
이십일스토어,270020,01183407,2021,상폐기업,,False,1,상폐기업,False,30,True,True,2022,2022-04-14,폐지사유: 사업보고서 법정제출기한('22.3.31限) 내 미제출,True,False,True,False,,False,excluded_y_minus_1,C:\kwoss_C\model_test\downloads\dart_financials\상폐기업\이십일스토어\2021\270020__이십일스토어__2021__11011.json
한국제5호스팩,271740,01234525,2019,상폐기업,,False,1,상폐기업,False,30,True,True,2020,2020-03-03,폐지사유: 상장예비심사 청구서 미제출로 관리종목 지정 후 1개월 이내 동 사유 미해소,True,False,True,False,,False,excluded_y_minus_1,C:\kwoss_C\model_test\downloads\dart_financials\상폐기업\한국제5호스팩\2019\271740__한국제5호스팩__2019__11011.json
다이오진,271850,01163050,2022,상폐기업,,False,1,상폐기업,False,30,True,True,2023,2023-04-12,폐지사유: 지정자문인 선임계약 해지 후 30일 이내 미체결(2023.3.29 限),True,False,True,False,,False,excluded_y_minus_1,C:\kwoss_C\model_test\downloads\dart_financials\상폐기업\다이오진\2022\271850__다이오진__2022__11011.json
IBKS제7호스팩,276920,01243550,2019,상폐기업,,False,1,상폐기업,False,30,True,True,2020,2020-06-18,폐지사유: 상장예비심사 청구서 미제출로 관리종목 지정 후 1개월 이내 동 사유 미해소,True,False,True,False,,False,excluded_y_minus_1,C:\kwoss_C\model_test\downloads\dart_financials\상폐기업\IBKS제7호스팩\2019\276920__IBKS제7호스팩__2019__11011.json
신한제4호스팩,277480,01243772,2019,상폐기업,,False,1,상폐기업,False,30,True,True,2020,2020-08-20,폐지사유: 상장예비심사 청구서 미제출로 관리종목 지정 후 1개월 이내 동 사유 미해소,True,False,True,False,,False,excluded_y_minus_1,C:\kwoss_C\model_test\downloads\dart_financials\상폐기업\신한제4호스팩\2019\277480__신한제4호스팩__2019__11011.json
한화에이스스팩4호,279410,01247918,2019,상폐기업,,False,1,상폐기업,False,30,True,True,2020,2020-07-03,폐지사유: 상장예비심사 청구서 미제출로 관리종목 지정 후 1개월 이내 동 사유 미해소,True,False,True,False,,False,excluded_y_minus_1,C:\kwoss_C\model_test\downloads\dart_financials\상폐기업\한화에이스스팩4호\2019\279410__한화에이스스팩4호__2019__11011.json
바이오시네틱스,281310,01186671,2022,상폐기업,,False,1,상폐기업,False,30,True,True,2023,2023-06-12,폐지사유: 외부감사인의 감사의견 의견거절,True,False,True,False,,False,excluded_y_minus_1,C:\kwoss_C\model_test\downloads\dart_financials\상폐기업\바이오시네틱스\2022\281310__바이오시네틱스__2022__11011.json
한국제6호스팩,281410,01257526,2019,상폐기업,,False,1,상폐기업,False,30,True,True,2020,2020-07-27,폐지사유: 상장예비심사 청구서 미제출로 관리종목 지정 후 1개월 이내 동 사유 미해소,True,False,True,False,,False,excluded_y_minus_1,C:\kwoss_C\model_test\downloads\dart_financials\상폐기업\한국제6호스팩\2019\281410__한국제6호스팩__2019__11011.json
동아타이어,282690,01262458,2023,상폐기업,CFS,True,1,상폐기업,False,4,False,False,2024,2024-10-08,폐지사유: 해산 사유 발생,True,False,True,False,,False,excluded_y_minus_1,C:\kwoss_C\model_test\downloads\dart_financials\상폐기업\동아타이어\2023\282690__동아타이어__2023__11011.json
라이프사이언스테크놀로지,285770,01187175,2022,상폐기업,,False,1,상폐기업,False,30,True,True,2023,2023-06-12,폐지사유: 외부감사인의 감사의견 의견거절,True,False,True,False,,False,excluded_y_minus_1,C:\kwoss_C\model_test\downloads\dart_financials\상폐기업\라이프사이언스테크놀로지\2022\285770__라이프사이언스테크놀로지__2022__11011.json
씨엔티드림,286000,01114559,2023,상폐기업,,False,1,상폐기업,False,30,True,True,2024,2024-10-07,폐지사유: 외부감사인의 감사의견 의견거절,True,False,True,False,,False,excluded_y_minus_1,C:\kwoss_C\model_test\downloads\dart_financials\상폐기업\씨엔티드림\2023\286000__씨엔티드림__2023__11011.json
한국제7호스팩,291210,01277928,2020,상폐기업,,False,1,상폐기업,False,30,True,True,2021,2021-01-15,폐지사유: 상장예비심사 청구서 미제출로 관리종목 지정 후 1개월 이내 동사유 미해소,True,False,True,False,,False,excluded_y_minus_1,C:\kwoss_C\model_test\downloads\dart_financials\상폐기업\한국제7호스팩\2020\291210__한국제7호스팩__2020__11011.json
에스엠비나,299670,01203507,2023,상폐기업,,False,1,상폐기업,False,30,True,True,2024,2024-08-16,폐지사유: 지정자문인 선임계약 해지 후 30일 이내 미체결(2024.8.1 限),True,False,True,False,,False,excluded_y_minus_1,C:\kwoss_C\model_test\downloads\dart_financials\상폐기업\에스엠비나\2023\299670__에스엠비나__2023__11011.json
SK4호스팩,307070,01336285,2020,상폐기업,,False,1,상폐기업,False,30,True,True,2021,2021-07-13,폐지사유: 상장예비심사 청구서 미제출로 관리종목 지정 후 1개월 이내 동사유 미해소,True,False,True,False,,False,excluded_y_minus_1,C:\kwoss_C\model_test\downloads\dart_financials\상폐기업\SK4호스팩\2020\307070__SK4호스팩__2020__11011.json
하나머스트제6호스팩,307160,01326260,2020,상폐기업,OFS,True,1,상폐기업,False,11,False,False,2021,2021-07-08,폐지사유: 상장예비심사 청구서 미제출로 관리종목 지정 후 1개월 이내 동사유 미해소,True,False,True,False,,False,excluded_y_minus_1,C:\kwoss_C\model_test\downloads\dart_financials\상폐기업\하나머스트제6호스팩\2020\307160__하나머스트제6호스팩__2020__11011.json
티티씨디펜스,309900,01350638,2021,상폐기업,,False,1,상폐기업,False,30,True,True,2022,2022-06-16,폐지사유: 외부감사인의 감사의견 의견거절,True,False,True,False,,False,excluded_y_minus_1,C:\kwoss_C\model_test\downloads\dart_financials\상폐기업\티티씨디펜스\2021\309900__티티씨디펜스__2021__11011.json
엔에이치스팩13호,310840,01336391,2020,상폐기업,,False,1,상폐기업,False,30,True,True,2021,2021-09-23,폐지사유: 상장예비심사청구서 미제출,True,False,True,False,,False,excluded_y_minus_1,C:\kwoss_C\model_test\downloads\dart_financials\상폐기업\엔에이치스팩13호\2020\310840__엔에이치스팩13호__2020__11011.json
키움제5호스팩,311270,01337220,2020,상폐기업,,False,1,상폐기업,False,30,True,True,2021,2021-08-02,폐지사유: 상장예비심사 청구서 미제출로 관리종목 지정 후 1개월 이내 동사유 미해소,True,False,True,False,,False,excluded_y_minus_1,C:\kwoss_C\model_test\downloads\dart_financials\상폐기업\키움제5호스팩\2020\311270__키움제5호스팩__2020__11011.json
대원모방,311840,01195828,2019,상폐기업,,False,1,상폐기업,False,30,True,True,2020,2020-02-27,폐지사유: 지정자문인 선임계약 해지 후 30일 이내 미체결(2020.2.13 限),True,False,True,False,,False,excluded_y_minus_1,C:\kwoss_C\model_test\downloads\dart_financials\상폐기업\대원모방\2019\311840__대원모방__2019__11011.json
유안타제4호스팩,313750,01343920,2020,상폐기업,,False,1,상폐기업,False,30,True,True,2021,2021-12-07,폐지사유: 상장예비심사 청구서 미제출로 관리종목 지정 후 1개월 이내 동사유 미해소,True,False,True,False,,False,excluded_y_minus_1,C:\kwoss_C\model_test\downloads\dart_financials\상폐기업\유안타제4호스팩\2020\313750__유안타제4호스팩__2020__11011.json
케이비17호스팩,317030,01351114,2020,상폐기업,,False,1,상폐기업,False,30,True,True,2021,2021-11-04,폐지사유: 상장예비심사 청구서 미제출로 관리종목 지정 후 1개월 이내 동사유 미해소,True,False,True,False,,False,excluded_y_minus_1,C:\kwoss_C\model_test\downloads\dart_financials\상폐기업\케이비17호스팩\2020\317030__케이비17호스팩__2020__11011.json
한화에스비아이스팩,317320,01351822,2020,상폐기업,,False,1,상폐기업,False,30,True,True,2021,2021-12-07,폐지사유: 상장예비심사 청구서 미제출로 관리종목 지정 후 1개월 이내 동 사유 미해소,True,False,True,False,,False,excluded_y_minus_1,C:\kwoss_C\model_test\downloads\dart_financials\상폐기업\한화에스비아이스팩\2020\317320__한화에스비아이스팩__2020__11011.json
베른,322190,01412938,2023,상폐기업,,False,1,상폐기업,False,30,True,True,2024,2024-04-25,폐지사유: 감사의견 의견거절(감사범위제한),True,False,True,False,,False,excluded_y_minus_1,C:\kwoss_C\model_test\downloads\dart_financials\상폐기업\베른\2023\322190__베른__2023__11011.json
이베스트이안스팩1호,323210,01366365,2021,상폐기업,,False,1,상폐기업,False,30,True,True,2022,2022-02-17,폐지사유: 상장예비심사 청구서 미제출로 관리종목 지정 후 1개월 이내 동사유 미해소,True,False,True,False,,False,excluded_y_minus_1,C:\kwoss_C\model_test\downloads\dart_financials\상폐기업\이베스트이안스팩1호\2021\323210__이베스트이안스팩1호__2021__11011.json
케이비제18호스팩,323940,01371312,2021,상폐기업,,False,1,상폐기업,False,30,True,True,2022,2022-02-04,폐지사유: 상장예비심사 청구서 미제출로 관리종목 지정 후 1개월 이내 동사유 미해소,True,False,True,False,,False,excluded_y_minus_1,C:\kwoss_C\model_test\downloads\dart_financials\상폐기업\케이비제18호스팩\2021\323940__케이비제18호스팩__2021__11011.json
오션스톤,329020,01388631,2021,상폐기업,,False,1,상폐기업,False,30,True,True,2022,2022-12-27,폐지사유: 지정자문인 선임계약 해지 후 30일 이내 미체결(2022.12.13 限),True,False,True,False,,False,excluded_y_minus_1,C:\kwoss_C\model_test\downloads\dart_financials\상폐기업\오션스톤\2021\329020__오션스톤__2021__11011.json
구스앤홈,329050,01337114,2020,상폐기업,,False,1,상폐기업,False,30,True,True,2021,2021-04-13,폐지사유: 사업보고서 법정제출기한('21.3.31限)내 미제출,True,False,True,False,,False,excluded_y_minus_1,C:\kwoss_C\model_test\downloads\dart_financials\상폐기업\구스앤홈\2020\329050__구스앤홈__2020__11011.json
상상인이안제2호스팩,329560,01390876,2021,상폐기업,,False,1,상폐기업,False,30,True,True,2022,2022-04-04,폐지사유: 상장예비심사 청구서 미제출로 관리종목 지정 후 1개월 이내 동사유 미해소,True,False,True,False,,False,excluded_y_minus_1,C:\kwoss_C\model_test\downloads\dart_financials\상폐기업\상상인이안제2호스팩\2021\329560__상상인이안제2호스팩__2021__11011.json
케이비제19호스팩,330990,01393299,2021,상폐기업,,False,1,상폐기업,False,30,True,True,2022,2022-05-09,폐지사유: 상장예비심사 청구서 미제출로 관리종목 지정 후 1개월 이내 동사유 미해소,True,False,True,False,,False,excluded_y_minus_1,C:\kwoss_C\model_test\downloads\dart_financials\상폐기업\케이비제19호스팩\2021\330990__케이비제19호스팩__2021__11011.json
하나금융14호스팩,332710,01395279,2021,상폐기업,OFS,True,1,상폐기업,False,13,False,True,2022,2022-09-26,폐지사유: 상장예비심사 청구서 미제출로 관리종목 지정 후 1개월 이내 동사유 미해소,True,False,True,False,,False,excluded_y_minus_1,C:\kwoss_C\model_test\downloads\dart_financials\상폐기업\하나금융14호스팩\2021\332710__하나금융14호스팩__2021__11011.json
하이제5호스팩,340120,01414370,2021,상폐기업,,False,1,상폐기업,False,30,True,True,2022,2022-07-28,폐지사유: 상장예비심사 청구서 미제출로 관리종목 지정 후 1개월 이내 동사유 미해소,True,False,True,False,,False,excluded_y_minus_1,C:\kwoss_C\model_test\downloads\dart_financials\상폐기업\하이제5호스팩\2021\340120__하이제5호스팩__2021__11011.json
SK6호스팩,340350,01414936,2021,상폐기업,,False,1,상폐기업,False,30,True,True,2022,2022-10-18,폐지사유: 상장예비심사 청구서 미제출로 관리종목 지정 후 1개월 이내 동 사유 미해소,True,False,True,False,,False,excluded_y_minus_1,C:\kwoss_C\model_test\downloads\dart_financials\상폐기업\SK6호스팩\2021\340350__SK6호스팩__2021__11011.json
하나금융16호스팩,343510,01419384,2022,상폐기업,OFS,True,1,상폐기업,False,15,False,True,2023,2023-03-02,폐지사유: 상장예비심사 청구서 미제출로 관리종목 지정 후 1개월 이내 동 사유 미해소,True,False,True,False,,False,excluded_y_minus_1,C:\kwoss_C\model_test\downloads\dart_financials\상폐기업\하나금융16호스팩\2022\343510__하나금융16호스팩__2022__11011.json
케이프이에스제4호,347140,01428249,2021,상폐기업,,False,1,상폐기업,False,30,True,True,2022,2022-10-31,폐지사유: 상장예비심사 청구서 미제출로 관리종목 지정 후 1개월 이내 동 사유 미해소,True,False,True,False,,False,excluded_y_minus_1,C:\kwoss_C\model_test\downloads\dart_financials\상폐기업\케이프이에스제4호\2021\347140__케이프이에스제4호__2021__11011.json
이베스트스팩5호,349720,01436336,2021,상폐기업,,False,1,상폐기업,False,30,True,True,2022,2022-12-26,폐지사유: 상장예비심사 청구서 미제출로 관리종목 지정 후 1개월 이내 동 사유 미해소,True,False,True,False,,False,excluded_y_minus_1,C:\kwoss_C\model_test\downloads\dart_financials\상폐기업\이베스트스팩5호\2021\349720__이베스트스팩5호__2021__11011.json
IBKS제13호스팩,351340,01440481,2022,상폐기업,,False,1,상폐기업,False,30,True,True,2023,2023-02-21,폐지사유: 상장예비심사 청구서 미제출로 관리종목 지정 후 1개월 이내 동 사유 미해소,True,False,True,False,,False,excluded_y_minus_1,C:\kwoss_C\model_test\downloads\dart_financials\상폐기업\IBKS제13호스팩\2022\351340__IBKS제13호스팩__2022__11011.json
에이치엠씨제5호스팩,353060,01447244,2022,상폐기업,,False,1,상폐기업,False,30,True,True,2023,2023-09-22,폐지사유: 상장예비심사 청구서 미제출로 관리종목 지정 후 1개월 이내 동 사유 미해소,True,False,True,False,,False,excluded_y_minus_1,C:\kwoss_C\model_test\downloads\dart_financials\상폐기업\에이치엠씨제5호스팩\2022\353060__에이치엠씨제5호스팩__2022__11011.json
에이치엠씨제4호스팩,353070,01447217,2022,상폐기업,,False,1,상폐기업,False,30,True,True,2023,2023-03-10,폐지사유: 상장예비심사 청구서 미제출로 관리종목 지정 후 1개월 이내 동 사유 미해소,True,False,True,False,,False,excluded_y_minus_1,C:\kwoss_C\model_test\downloads\dart_financials\상폐기업\에이치엠씨제4호스팩\2022\353070__에이치엠씨제4호스팩__2022__11011.json
미래에셋대우스팩 5호,353490,01450105,2022,상폐기업,,False,1,상폐기업,False,30,True,True,2023,2023-05-17,폐지사유: 상장예비심사 청구서 미제출로 관리종목 지정 후 1개월 이내 동 사유 미해소,True,False,True,False,,False,excluded_y_minus_1,C:\kwoss_C\model_test\downloads\dart_financials\상폐기업\미래에셋대우스팩_5호\2022\353490__미래에셋대우스팩_5호__2022__11011.json
폭스소프트,354230,01418260,2020,상폐기업,OFS,True,1,상폐기업,False,4,False,False,2021,2021-09-01,폐지사유: 지정자문인 선임계약 해지 후 30일 이내 미체결(2021.8.18 限),True,False,True,False,,False,excluded_y_minus_1,C:\kwoss_C\model_test\downloads\dart_financials\상폐기업\폭스소프트\2020\354230__폭스소프트__2020__11011.json
DB금융스팩8호,367340,01505450,2022,상폐기업,,False,1,상폐기업,False,30,True,True,2023,2023-07-17,폐지사유: 상장예비심사 청구서 미제출로 관리종목 지정 후 1개월 이내 동 사유 미해소,True,False,True,False,,False,excluded_y_minus_1,C:\kwoss_C\model_test\downloads\dart_financials\상폐기업\DB금융스팩8호\2022\367340__DB금융스팩8호__2022__11011.json
유진스팩6호,373340,01514519,2022,상폐기업,,False,1,상폐기업,False,30,True,True,2023,2023-12-13,폐지사유: 상장예비심사 청구서 미제출로 관리종목 지정 후 1개월 이내 동 사유 미해소,True,False,True,False,,False,excluded_y_minus_1,C:\kwoss_C\model_test\downloads\dart_financials\상폐기업\유진스팩6호\2022\373340__유진스팩6호__2022__11011.json
삼성스팩4호,377630,01528530,2022,상폐기업,,False,1,상폐기업,False,30,True,True,2023,2023-12-27,폐지사유: 상장예비심사 청구서 미제출로 관리종목 지정 후 1개월 이내 동 사유 미해소,True,False,True,False,,False,excluded_y_minus_1,C:\kwoss_C\model_test\downloads\dart_financials\상폐기업\삼성스팩4호\2022\377630__삼성스팩4호__2022__11011.json
삼성머스트스팩5호,380320,01534522,2023,상폐기업,OFS,True,1,상폐기업,False,11,False,False,2024,2024-01-23,폐지사유: 상장예비심사 청구서 미제출로 관리종목 지정 후 1개월 이내 동 사유 미해소,True,False,True,False,,False,excluded_y_minus_1,C:\kwoss_C\model_test\downloads\dart_financials\상폐기업\삼성머스트스팩5호\2023\380320__삼성머스트스팩5호__2023__11011.json
한화플러스제2호스팩,386580,01572489,2023,상폐기업,OFS,True,1,상폐기업,False,12,False,True,2024,2024-06-17,폐지사유: 상장예비심사 청구서 미제출로 관리종목 지정 후 1개월 이내 동 사유 미해소,True,False,True,False,,False,excluded_y_minus_1,C:\kwoss_C\model_test\downloads\dart_financials\상폐기업\한화플러스제2호스팩\2023\386580__한화플러스제2호스팩__2023__11011.json
유진스팩7호,388800,01569838,2023,상폐기업,OFS,True,1,상폐기업,False,14,False,True,2024,2024-07-02,폐지사유: 상장예비심사청구서 미제출로 관리종목 지정 후 1개월 이내 동 사유 미해소,True,False,True,False,,False,excluded_y_minus_1,C:\kwoss_C\model_test\downloads\dart_financials\상폐기업\유진스팩7호\2023\388800__유진스팩7호__2023__11011.json
엔에이치스팩20호,391060,01573974,2023,상폐기업,OFS,True,1,상폐기업,False,16,False,True,2024,2024-05-14,폐지사유: 상장예비심사 청구서 미제출로 관리종목 지정 후 1개월 이내 동사유 미해소,True,False,True,False,,False,excluded_y_minus_1,C:\kwoss_C\model_test\downloads\dart_financials\상폐기업\엔에이치스팩20호\2023\391060__엔에이치스팩20호__2023__11011.json
하이제7호스팩,400840,01586172,2023,상폐기업,OFS,True,1,상폐기업,False,19,False,True,2024,2024-07-26,폐지사유: 상장예비심사 청구서 미제출로 관리종목 지정 후 1개월 이내 동 사유 미해소,True,False,True,False,,False,excluded_y_minus_1,C:\kwoss_C\model_test\downloads\dart_financials\상폐기업\하이제7호스팩\2023\400840__하이제7호스팩__2023__11011.json
이브이파킹서비스,419700,01695498,2023,상폐기업,,False,1,상폐기업,False,30,True,True,2024,2024-12-12,폐지사유: 지정자문인 선임계약 해지 후 30일 이내 미체결('24.11.28限),True,False,True,False,,False,excluded_y_minus_1,C:\kwoss_C\model_test\downloads\dart_financials\상폐기업\이브이파킹서비스\2023\419700__이브이파킹서비스__2023__11011.json
차이나그레이트,900040,00695464,2019,상폐기업,,False,1,상폐기업,False,30,True,True,2020,2020-05-22,"폐지사유: 법정제출기한까지 사업보고서를 제출하지 아니한 후, 법정제출기한의 다음날부터 10일이내에 사업보고서를 제출하지 아니함",True,False,True,False,,False,excluded_y_minus_1,C:\kwoss_C\model_test\downloads\dart_financials\상폐기업\차이나그레이트\2019\900040__차이나그레이트__2019__11011.json
중국원양자원,900050,00722500,2016,상폐기업,CFS,True,1,상폐기업,False,1,False,False,2017,2017-09-27,폐지사유: 감사의견 의견거절,True,False,True,False,,False,excluded_y_minus_1,C:\kwoss_C\model_test\downloads\dart_financials\상폐기업\중국원양자원\2016\900050__중국원양자원__2016__11011.json
에스앤씨엔진그룹,900080,00786331,2020,상폐기업,,False,1,상폐기업,False,30,True,True,2021,2021-06-14,"폐지사유: 법정제출기한까지 사업보고서를 제출하지 아니한 후, 법정제출기한의 다음날부터 10일이내에 사업보고서를 제출하지 아니함",True,False,True,False,,False,excluded_y_minus_1,C:\kwoss_C\model_test\downloads\dart_financials\상폐기업\에스앤씨엔진그룹\2020\900080__에스앤씨엔진그룹__2020__11011.json
차이나하오란,900090,00790121,2018,상폐기업,,False,1,상폐기업,False,30,True,True,2019,2019-01-02,폐지사유: 제28조제1항제9호에 따라 관리종목 지정 후 공시규정 제19조 제1항에 따른 분기보고서 법정기한 내 미제출,True,False,True,False,,False,excluded_y_minus_1,C:\kwoss_C\model_test\downloads\dart_financials\상폐기업\차이나하오란\2018\900090__차이나하오란__2018__11011.json
완리,900180,00842327,2017,상폐기업,CFS,True,1,상폐기업,False,1,False,False,2018,2018-05-23,폐지사유: 감사의견거절(감사범위 제한),True,False,True,False,,False,excluded_y_minus_1,C:\kwoss_C\model_test\downloads\dart_financials\상폐기업\완리\2017\900180__완리__2017__11011.json
