기업명,종목코드,corp_code,연도,기업상태,selected_fs_div,has_data,raw_row_count,status_values,status_conflict,all_feature_null,event_year_Y,event_date,event_source,y_minus_1_excluded,is_positive_candidate,is_excluded_y_minus_1,is_excluded_event_or_after,target_future_delist,include_for_training,exclude_reason,source_file
포스코퓨처엠,003670,00155276,2024,상장기업,CFS,True,2,상장기업|상폐기업,True,False,2025,20250325,Historical delisted stock code set (CSV + KRX) | event_year derived from company_master.modify_date,True,False,True,False,,False,excluded_y_minus_1,C:\kwoss_C\model_test\downloads\dart_financials\상장기업\포스코퓨처엠\2024\003670__포스코퓨처엠__2024__11011.json
호반산업,004320,00144766,2016,상폐기업,,False,1,상폐기업,False,True,2017,20170630,Historical delisted stock code set (CSV + KRX) | event_year derived from company_master.modify_date,True,False,True,False,,False,excluded_y_minus_1,C:\kwoss_C\model_test\downloads\dart_financials\상폐기업\호반산업\2016\004320__호반산업__2016__11011.json
휴리프,006210,00142698,2016,상폐기업,,False,1,상폐기업,False,True,2017,20170630,Historical delisted stock code set (CSV + KRX) | event_year derived from company_master.modify_date,True,False,True,False,,False,excluded_y_minus_1,C:\kwoss_C\model_test\downloads\dart_financials\상폐기업\휴리프\2016\006210__휴리프__2016__11011.json
대양제지공업,006580,00111227,2025,상폐기업,,False,1,상폐기업,False,True,2026,20260209,Historical delisted stock code set (CSV + KRX) | event_year derived from company_master.modify_date,True,False,True,False,,False,excluded_y_minus_1,C:\kwoss_C\model_test\downloads\dart_financials\상폐기업\대양제지공업\2025\006580__대양제지공업__2025__11011.json
아이텍스필,008030,00130000,2016,상폐기업,,False,1,상폐기업,False,True,2017,20170630,Historical delisted stock code set (CSV + KRX) | event_year derived from company_master.modify_date,True,False,True,False,,False,excluded_y_minus_1,C:\kwoss_C\model_test\downloads\dart_financials\상폐기업\아이텍스필\2016\008030__아이텍스필__2016__11011.json
대주코레스,008340,00133715,2021,상폐기업,,False,1,상폐기업,False,True,2022,20220228,Historical delisted stock code set (CSV + KRX) | event_year derived from company_master.modify_date,True,False,True,False,,False,excluded_y_minus_1,C:\kwoss_C\model_test\downloads\dart_financials\상폐기업\대주코레스\2021\008340__대주코레스__2021__11011.json
씨앤중공업,008400,00150226,2016,상폐기업,,False,1,상폐기업,False,True,2017,20170630,Historical delisted stock code set (CSV + KRX) | event_year derived from company_master.modify_date,True,False,True,False,,False,excluded_y_minus_1,C:\kwoss_C\model_test\downloads\dart_financials\상폐기업\씨앤중공업\2016\008400__씨앤중공업__2016__11011.json
행남사,008800,00164362,2025,상폐기업,OFS,True,1,상폐기업,False,False,2026,20260320,Historical delisted stock code set (CSV + KRX) | event_year derived from company_master.modify_date,True,False,True,False,,False,excluded_y_minus_1,C:\kwoss_C\model_test\downloads\dart_financials\상폐기업\행남사\2025\008800__행남사__2025__11011.json
다함이텍,009280,00130046,2022,상폐기업,,False,1,상폐기업,False,True,2023,20230223,Historical delisted stock code set (CSV + KRX) | event_year derived from company_master.modify_date,True,False,True,False,,False,excluded_y_minus_1,C:\kwoss_C\model_test\downloads\dart_financials\상폐기업\다함이텍\2022\009280__다함이텍__2022__11011.json
나노트로닉스,010670,00268437,2016,상폐기업,,False,1,상폐기업,False,True,2017,20170630,Historical delisted stock code set (CSV + KRX) | event_year derived from company_master.modify_date,True,False,True,False,,False,excluded_y_minus_1,C:\kwoss_C\model_test\downloads\dart_financials\상폐기업\나노트로닉스\2016\010670__나노트로닉스__2016__11011.json
글로스텍,012410,00102645,2016,상폐기업,,False,1,상폐기업,False,True,2017,20170630,Historical delisted stock code set (CSV + KRX) | event_year derived from company_master.modify_date,True,False,True,False,,False,excluded_y_minus_1,C:\kwoss_C\model_test\downloads\dart_financials\상폐기업\글로스텍\2016\012410__글로스텍__2016__11011.json
동성하이켐,013450,00165529,2016,상폐기업,,False,1,상폐기업,False,True,2017,20170630,Historical delisted stock code set (CSV + KRX) | event_year derived from company_master.modify_date,True,False,True,False,,False,excluded_y_minus_1,C:\kwoss_C\model_test\downloads\dart_financials\상폐기업\동성하이켐\2016\013450__동성하이켐__2016__11011.json
광림,014200,00103635,2025,상폐기업,,False,1,상폐기업,False,True,2026,20260316,Historical delisted stock code set (CSV + KRX) | event_year derived from company_master.modify_date,True,False,True,False,,False,excluded_y_minus_1,C:\kwoss_C\model_test\downloads\dart_financials\상폐기업\광림\2025\014200__광림__2025__11011.json
엘앤씨피,015390,00191108,2016,상폐기업,,False,1,상폐기업,False,True,2017,20170630,Historical delisted stock code set (CSV + KRX) | event_year derived from company_master.modify_date,True,False,True,False,,False,excluded_y_minus_1,C:\kwoss_C\model_test\downloads\dart_financials\상폐기업\엘앤씨피\2016\015390__엘앤씨피__2016__11011.json
카카오엠,016170,00130949,2017,상폐기업,CFS,True,1,상폐기업,False,False,2018,20180918,Historical delisted stock code set (CSV + KRX) | event_year derived from company_master.modify_date,True,False,True,False,,False,excluded_y_minus_1,C:\kwoss_C\model_test\downloads\dart_financials\상폐기업\카카오엠\2017\016170__카카오엠__2017__11011.json
스타맥스,017050,00136554,2016,상폐기업,,False,1,상폐기업,False,True,2017,20170630,Historical delisted stock code set (CSV + KRX) | event_year derived from company_master.modify_date,True,False,True,False,,False,excluded_y_minus_1,C:\kwoss_C\model_test\downloads\dart_financials\상폐기업\스타맥스\2016\017050__스타맥스__2016__11011.json
에이치비이에너지,017300,00152631,2016,상폐기업,,False,1,상폐기업,False,True,2017,20170630,Historical delisted stock code set (CSV + KRX) | event_year derived from company_master.modify_date,True,False,True,False,,False,excluded_y_minus_1,C:\kwoss_C\model_test\downloads\dart_financials\상폐기업\에이치비이에너지\2016\017300__에이치비이에너지__2016__11011.json
데코앤에프,017680,00112819,2022,상폐기업,OFS,True,1,상폐기업,False,False,2023,20230515,Historical delisted stock code set (CSV + KRX) | event_year derived from company_master.modify_date,True,False,True,False,,False,excluded_y_minus_1,C:\kwoss_C\model_test\downloads\dart_financials\상폐기업\데코앤에프\2022\017680__데코앤에프__2022__11011.json
에스유앤피,019590,00136642,2024,상폐기업,CFS,True,1,상폐기업,False,False,2025,20251212,Historical delisted stock code set (CSV + KRX) | event_year derived from company_master.modify_date,True,False,True,False,,False,excluded_y_minus_1,C:\kwoss_C\model_test\downloads\dart_financials\상폐기업\에스유앤피\2024\019590__에스유앤피__2024__11011.json
포스코DX,022100,00155212,2024,상장기업,CFS,True,2,상장기업|상폐기업,True,False,2025,20250325,Historical delisted stock code set (CSV + KRX) | event_year derived from company_master.modify_date,True,False,True,False,,False,excluded_y_minus_1,C:\kwoss_C\model_test\downloads\dart_financials\상장기업\포스코DX\2024\022100__포스코DX__2024__11011.json
아이이,023430,00100717,2018,상폐기업,,False,1,상폐기업,False,True,2019,20191120,Historical delisted stock code set (CSV + KRX) | event_year derived from company_master.modify_date,True,False,True,False,,False,excluded_y_minus_1,C:\kwoss_C\model_test\downloads\dart_financials\상폐기업\아이이\2018\023430__아이이__2018__11011.json
씨앤에이치,023460,00149266,2024,상폐기업,CFS,True,1,상폐기업,False,False,2025,20250714,Historical delisted stock code set (CSV + KRX) | event_year derived from company_master.modify_date,True,False,True,False,,False,excluded_y_minus_1,C:\kwoss_C\model_test\downloads\dart_financials\상폐기업\씨앤에이치\2024\023460__씨앤에이치__2024__11011.json
한국아트라스비엑스,023890,00159290,2020,상폐기업,CFS,True,1,상폐기업,False,False,2021,20210419,Historical delisted stock code set (CSV + KRX) | event_year derived from company_master.modify_date,True,False,True,False,,False,excluded_y_minus_1,C:\kwoss_C\model_test\downloads\dart_financials\상폐기업\한국아트라스비엑스\2020\023890__한국아트라스비엑스__2020__11011.json
하림홀딩스,024660,00156044,2017,상폐기업,CFS,True,1,상폐기업,False,False,2018,20180716,Historical delisted stock code set (CSV + KRX) | event_year derived from company_master.modify_date,True,False,True,False,,False,excluded_y_minus_1,C:\kwoss_C\model_test\downloads\dart_financials\상폐기업\하림홀딩스\2017\024660__하림홀딩스__2017__11011.json
이화전기공업,024810,00145738,2024,상폐기업,CFS,True,1,상폐기업,False,False,2025,20250910,Historical delisted stock code set (CSV + KRX) | event_year derived from company_master.modify_date,True,False,True,False,,False,excluded_y_minus_1,C:\kwoss_C\model_test\downloads\dart_financials\상폐기업\이화전기공업\2024\024810__이화전기공업__2024__11011.json
부산방직공업,025270,00124018,2016,상폐기업,,False,1,상폐기업,False,True,2017,20170630,Historical delisted stock code set (CSV + KRX) | event_year derived from company_master.modify_date,True,False,True,False,,False,excluded_y_minus_1,C:\kwoss_C\model_test\downloads\dart_financials\상폐기업\부산방직공업\2016\025270__부산방직공업__2016__11011.json
팬텀엔터테인먼트그룹,025460,00197324,2016,상폐기업,,False,1,상폐기업,False,True,2017,20170630,Historical delisted stock code set (CSV + KRX) | event_year derived from company_master.modify_date,True,False,True,False,,False,excluded_y_minus_1,C:\kwoss_C\model_test\downloads\dart_financials\상폐기업\팬텀엔터테인먼트그룹\2016\025460__팬텀엔터테인먼트그룹__2016__11011.json
현대정보기술,026180,00200956,2018,상폐기업,CFS,True,1,상폐기업,False,False,2019,20190717,Historical delisted stock code set (CSV + KRX) | event_year derived from company_master.modify_date,True,False,True,False,,False,excluded_y_minus_1,C:\kwoss_C\model_test\downloads\dart_financials\상폐기업\현대정보기술\2018\026180__현대정보기술__2018__11011.json
에스티씨라이프,026220,00133317,2025,상폐기업,,False,1,상폐기업,False,True,2026,20260319,Historical delisted stock code set (CSV + KRX) | event_year derived from company_master.modify_date,True,False,True,False,,False,excluded_y_minus_1,C:\kwoss_C\model_test\downloads\dart_financials\상폐기업\에스티씨라이프\2025\026220__에스티씨라이프__2025__11011.json
위너지스,026260,00207223,2017,상폐기업,CFS,True,1,상폐기업,False,False,2018,20181012,Historical delisted stock code set (CSV + KRX) | event_year derived from company_master.modify_date,True,False,True,False,,False,excluded_y_minus_1,C:\kwoss_C\model_test\downloads\dart_financials\상폐기업\위너지스\2017\026260__위너지스__2017__11011.json
동서,026960,00144395,2025,상장기업,CFS,True,2,상장기업|상폐기업,True,False,2026,20260323,Historical delisted stock code set (CSV + KRX) | event_year derived from company_master.modify_date,True,False,True,False,,False,excluded_y_minus_1,C:\kwoss_C\model_test\downloads\dart_financials\상장기업\동서\2025\026960__동서__2025__11011.json
코리아이앤디,027440,00172103,2016,상폐기업,,False,1,상폐기업,False,True,2017,20170630,Historical delisted stock code set (CSV + KRX) | event_year derived from company_master.modify_date,True,False,True,False,,False,excluded_y_minus_1,C:\kwoss_C\model_test\downloads\dart_financials\상폐기업\코리아이앤디\2016\027440__코리아이앤디__2016__11011.json
미래SCI,028040,00111865,2021,상폐기업,,False,1,상폐기업,False,True,2022,20221103,Historical delisted stock code set (CSV + KRX) | event_year derived from company_master.modify_date,True,False,True,False,,False,excluded_y_minus_1,C:\kwoss_C\model_test\downloads\dart_financials\상폐기업\미래SCI\2021\028040__미래SCI__2021__11011.json
네오퍼플,028090,00121251,2023,상폐기업,,False,1,상폐기업,False,True,2024,20240628,Historical delisted stock code set (CSV + KRX) | event_year derived from company_master.modify_date,True,False,True,False,,False,excluded_y_minus_1,C:\kwoss_C\model_test\downloads\dart_financials\상폐기업\네오퍼플\2023\028090__네오퍼플__2023__11011.json
지에스홈쇼핑,028150,00207755,2020,상폐기업,CFS,True,1,상폐기업,False,False,2021,20210716,Historical delisted stock code set (CSV + KRX) | event_year derived from company_master.modify_date,True,False,True,False,,False,excluded_y_minus_1,C:\kwoss_C\model_test\downloads\dart_financials\상폐기업\지에스홈쇼핑\2020\028150__지에스홈쇼핑__2020__11011.json
코엔텍,029960,00197476,2025,상폐기업,,False,1,상폐기업,False,True,2026,20260320,Historical delisted stock code set (CSV + KRX) | event_year derived from company_master.modify_date,True,False,True,False,,False,excluded_y_minus_1,C:\kwoss_C\model_test\downloads\dart_financials\상폐기업\코엔텍\2025\029960__코엔텍__2025__11011.json
NICE평가정보,030190,00158325,2025,상장기업,CFS,True,2,상장기업|상폐기업,True,False,2026,20260306,Historical delisted stock code set (CSV + KRX) | event_year derived from company_master.modify_date,True,False,True,False,,False,excluded_y_minus_1,C:\kwoss_C\model_test\downloads\dart_financials\상장기업\NICE평가정보\2025\030190__NICE평가정보__2025__11011.json
에스마크,030270,00100258,2019,상폐기업,CFS,True,1,상폐기업,False,False,2020,20201204,Historical delisted stock code set (CSV + KRX) | event_year derived from company_master.modify_date,True,False,True,False,,False,excluded_y_minus_1,C:\kwoss_C\model_test\downloads\dart_financials\상폐기업\에스마크\2019\030270__에스마크__2019__11011.json
디패션,030420,00228916,2016,상폐기업,,False,1,상폐기업,False,True,2017,20170630,Historical delisted stock code set (CSV + KRX) | event_year derived from company_master.modify_date,True,False,True,False,,False,excluded_y_minus_1,C:\kwoss_C\model_test\downloads\dart_financials\상폐기업\디패션\2016\030420__디패션__2016__11011.json
녹십자셀,031390,00198378,2023,상폐기업,,False,1,상폐기업,False,True,2024,20240628,Historical delisted stock code set (CSV + KRX) | event_year derived from company_master.modify_date,True,False,True,False,,False,excluded_y_minus_1,C:\kwoss_C\model_test\downloads\dart_financials\상폐기업\녹십자셀\2023\031390__녹십자셀__2023__11011.json
동산진흥,031960,00267775,2016,상폐기업,,False,1,상폐기업,False,True,2017,20170630,Historical delisted stock code set (CSV + KRX) | event_year derived from company_master.modify_date,True,False,True,False,,False,excluded_y_minus_1,C:\kwoss_C\model_test\downloads\dart_financials\상폐기업\동산진흥\2016\031960__동산진흥__2016__11011.json
대선조선,031990,00110307,2021,상폐기업,,False,1,상폐기업,False,True,2022,20220128,Historical delisted stock code set (CSV + KRX) | event_year derived from company_master.modify_date,True,False,True,False,,False,excluded_y_minus_1,C:\kwoss_C\model_test\downloads\dart_financials\상폐기업\대선조선\2021\031990__대선조선__2021__11011.json
씨앤에스자산관리,032040,00173731,2021,상폐기업,CFS,True,1,상폐기업,False,False,2022,20220225,Historical delisted stock code set (CSV + KRX) | event_year derived from company_master.modify_date,True,False,True,False,,False,excluded_y_minus_1,C:\kwoss_C\model_test\downloads\dart_financials\상폐기업\씨앤에스자산관리\2021\032040__씨앤에스자산관리__2021__11011.json
케이디지엠텍,032290,00183215,2021,상폐기업,,False,1,상폐기업,False,True,2022,20220228,Historical delisted stock code set (CSV + KRX) | event_year derived from company_master.modify_date,True,False,True,False,,False,excluded_y_minus_1,C:\kwoss_C\model_test\downloads\dart_financials\상폐기업\케이디지엠텍\2021\032290__케이디지엠텍__2021__11011.json
핸디소프트,032380,00231521,2016,상폐기업,,False,1,상폐기업,False,True,2017,20170630,Historical delisted stock code set (CSV + KRX) | event_year derived from company_master.modify_date,True,False,True,False,,False,excluded_y_minus_1,C:\kwoss_C\model_test\downloads\dart_financials\상폐기업\핸디소프트\2016\032380__핸디소프트__2016__11011.json
터보테크,032420,00229818,2016,상폐기업,,False,1,상폐기업,False,True,2017,20170630,Historical delisted stock code set (CSV + KRX) | event_year derived from company_master.modify_date,True,False,True,False,,False,excluded_y_minus_1,C:\kwoss_C\model_test\downloads\dart_financials\상폐기업\터보테크\2016\032420__터보테크__2016__11011.json
애드모바일,032600,00231567,2016,상폐기업,,False,1,상폐기업,False,True,2017,20170630,Historical delisted stock code set (CSV + KRX) | event_year derived from company_master.modify_date,True,False,True,False,,False,excluded_y_minus_1,C:\kwoss_C\model_test\downloads\dart_financials\상폐기업\애드모바일\2016\032600__애드모바일__2016__11011.json
코너스톤네트웍스,033110,00194275,2021,상폐기업,,False,1,상폐기업,False,True,2022,20220211,Historical delisted stock code set (CSV + KRX) | event_year derived from company_master.modify_date,True,False,True,False,,False,excluded_y_minus_1,C:\kwoss_C\model_test\downloads\dart_financials\상폐기업\코너스톤네트웍스\2021\033110__코너스톤네트웍스__2021__11011.json
쌈지,033260,00225140,2016,상폐기업,,False,1,상폐기업,False,True,2017,20170630,Historical delisted stock code set (CSV + KRX) | event_year derived from company_master.modify_date,True,False,True,False,,False,excluded_y_minus_1,C:\kwoss_C\model_test\downloads\dart_financials\상폐기업\쌈지\2016\033260__쌈지__2016__11011.json
어울림엘시스,033280,00206127,2016,상폐기업,,False,1,상폐기업,False,True,2017,20170630,Historical delisted stock code set (CSV + KRX) | event_year derived from company_master.modify_date,True,False,True,False,,False,excluded_y_minus_1,C:\kwoss_C\model_test\downloads\dart_financials\상폐기업\어울림엘시스\2016\033280__어울림엘시스__2016__11011.json
디에스티,033430,00244419,2022,상폐기업,CFS,True,1,상폐기업,False,False,2023,20230512,Historical delisted stock code set (CSV + KRX) | event_year derived from company_master.modify_date,True,False,True,False,,False,excluded_y_minus_1,C:\kwoss_C\model_test\downloads\dart_financials\상폐기업\디에스티\2022\033430__디에스티__2022__11011.json
럭슬,033600,00264787,2021,상폐기업,,False,1,상폐기업,False,True,2022,20220427,Historical delisted stock code set (CSV + KRX) | event_year derived from company_master.modify_date,True,False,True,False,,False,excluded_y_minus_1,C:\kwoss_C\model_test\downloads\dart_financials\상폐기업\럭슬\2021\033600__럭슬__2021__11011.json
에스케이브로드밴드,033630,00243988,2025,상폐기업,,False,1,상폐기업,False,True,2026,20260130,Historical delisted stock code set (CSV + KRX) | event_year derived from company_master.modify_date,True,False,True,False,,False,excluded_y_minus_1,C:\kwoss_C\model_test\downloads\dart_financials\상폐기업\에스케이브로드밴드\2025\033630__에스케이브로드밴드__2025__11011.json
블루스톤디앤아이,033720,00257194,2016,상폐기업,,False,1,상폐기업,False,True,2017,20170630,Historical delisted stock code set (CSV + KRX) | event_year derived from company_master.modify_date,True,False,True,False,,False,excluded_y_minus_1,C:\kwoss_C\model_test\downloads\dart_financials\상폐기업\블루스톤디앤아이\2016\033720__블루스톤디앤아이__2016__11011.json
지노시스템,033850,00244589,2016,상폐기업,,False,1,상폐기업,False,True,2017,20170630,Historical delisted stock code set (CSV + KRX) | event_year derived from company_master.modify_date,True,False,True,False,,False,excluded_y_minus_1,C:\kwoss_C\model_test\downloads\dart_financials\상폐기업\지노시스템\2016\033850__지노시스템__2016__11011.json
룩소네이트,033880,00244862,2016,상폐기업,,False,1,상폐기업,False,True,2017,20170630,Historical delisted stock code set (CSV + KRX) | event_year derived from company_master.modify_date,True,False,True,False,,False,excluded_y_minus_1,C:\kwoss_C\model_test\downloads\dart_financials\상폐기업\룩소네이트\2016\033880__룩소네이트__2016__11011.json
파라다이스,034230,00171265,2024,상장기업,CFS,True,2,상장기업|상폐기업,True,False,2025,20251031,Historical delisted stock code set (CSV + KRX) | event_year derived from company_master.modify_date,True,False,True,False,,False,excluded_y_minus_1,C:\kwoss_C\model_test\downloads\dart_financials\상장기업\파라다이스\2024\034230__파라다이스__2024__11011.json
글로웍스,034600,00251190,2016,상폐기업,,False,1,상폐기업,False,True,2017,20170630,Historical delisted stock code set (CSV + KRX) | event_year derived from company_master.modify_date,True,False,True,False,,False,excluded_y_minus_1,C:\kwoss_C\model_test\downloads\dart_financials\상폐기업\글로웍스\2016\034600__글로웍스__2016__11011.json
한국토지신탁,034830,00233653,2024,상장기업,CFS,True,2,상장기업|상폐기업,True,False,2025,20250327,Historical delisted stock code set (CSV + KRX) | event_year derived from company_master.modify_date,True,False,True,False,,False,excluded_y_minus_1,C:\kwoss_C\model_test\downloads\dart_financials\상장기업\한국토지신탁\2024\034830__한국토지신탁__2024__11011.json
쓰리디넷,035400,00223346,2016,상폐기업,,False,1,상폐기업,False,True,2017,20170630,Historical delisted stock code set (CSV + KRX) | event_year derived from company_master.modify_date,True,False,True,False,,False,excluded_y_minus_1,C:\kwoss_C\model_test\downloads\dart_financials\상폐기업\쓰리디넷\2016\035400__쓰리디넷__2016__11011.json
지아이바이오,035450,00259439,2016,상폐기업,,False,1,상폐기업,False,True,2017,20170630,Historical delisted stock code set (CSV + KRX) | event_year derived from company_master.modify_date,True,False,True,False,,False,excluded_y_minus_1,C:\kwoss_C\model_test\downloads\dart_financials\상폐기업\지아이바이오\2016\035450__지아이바이오__2016__11011.json
글로앤웰,035480,00255141,2020,상폐기업,,False,1,상폐기업,False,True,2021,20210208,Historical delisted stock code set (CSV + KRX) | event_year derived from company_master.modify_date,True,False,True,False,,False,excluded_y_minus_1,C:\kwoss_C\model_test\downloads\dart_financials\상폐기업\글로앤웰\2020\035480__글로앤웰__2020__11011.json
써니트렌드,035500,00255309,2016,상폐기업,,False,1,상폐기업,False,True,2017,20170630,Historical delisted stock code set (CSV + KRX) | event_year derived from company_master.modify_date,True,False,True,False,,False,excluded_y_minus_1,C:\kwoss_C\model_test\downloads\dart_financials\상폐기업\써니트렌드\2016\035500__써니트렌드__2016__11011.json
씨엘엘씨디,035710,00259493,2016,상폐기업,,False,1,상폐기업,False,True,2017,20170630,Historical delisted stock code set (CSV + KRX) | event_year derived from company_master.modify_date,True,False,True,False,,False,excluded_y_minus_1,C:\kwoss_C\model_test\downloads\dart_financials\상폐기업\씨엘엘씨디\2016\035710__씨엘엘씨디__2016__11011.json
카카오,035720,00258801,2023,상장기업,CFS,True,2,상장기업|상폐기업,True,False,2024,20240329,Historical delisted stock code set (CSV + KRX) | event_year derived from company_master.modify_date,True,False,True,False,,False,excluded_y_minus_1,C:\kwoss_C\model_test\downloads\dart_financials\상장기업\카카오\2023\035720__카카오__2023__11011.json
메카포럼,035830,00246383,2016,상폐기업,,False,1,상폐기업,False,True,2017,20170630,Historical delisted stock code set (CSV + KRX) | event_year derived from company_master.modify_date,True,False,True,False,,False,excluded_y_minus_1,C:\kwoss_C\model_test\downloads\dart_financials\상폐기업\메카포럼\2016\035830__메카포럼__2016__11011.json
호성,035870,00261601,2016,상폐기업,,False,1,상폐기업,False,True,2017,20170630,Historical delisted stock code set (CSV + KRX) | event_year derived from company_master.modify_date,True,False,True,False,,False,excluded_y_minus_1,C:\kwoss_C\model_test\downloads\dart_financials\상폐기업\호성\2016\035870__호성__2016__11011.json
현대멀티캡,035910,00258731,2016,상폐기업,,False,1,상폐기업,False,True,2017,20170630,Historical delisted stock code set (CSV + KRX) | event_year derived from company_master.modify_date,True,False,True,False,,False,excluded_y_minus_1,C:\kwoss_C\model_test\downloads\dart_financials\상폐기업\현대멀티캡\2016\035910__현대멀티캡__2016__11011.json
오상헬스케어,036220,00260657,2024,상장기업,CFS,True,2,상장기업|상폐기업,True,False,2025,20250502,Historical delisted stock code set (CSV + KRX) | event_year derived from company_master.modify_date,True,False,True,False,,False,excluded_y_minus_1,C:\kwoss_C\model_test\downloads\dart_financials\상장기업\오상헬스케어\2024\036220__오상헬스케어__2024__11011.json
이매진아시아,036260,00122339,2020,상폐기업,CFS,True,1,상폐기업,False,False,2021,20210326,Historical delisted stock code set (CSV + KRX) | event_year derived from company_master.modify_date,True,False,True,False,,False,excluded_y_minus_1,C:\kwoss_C\model_test\downloads\dart_financials\상폐기업\이매진아시아\2020\036260__이매진아시아__2020__11011.json
쓰리소프트,036360,00260903,2016,상폐기업,,False,1,상폐기업,False,True,2017,20170630,Historical delisted stock code set (CSV + KRX) | event_year derived from company_master.modify_date,True,False,True,False,,False,excluded_y_minus_1,C:\kwoss_C\model_test\downloads\dart_financials\상폐기업\쓰리소프트\2016\036360__쓰리소프트__2016__11011.json
콘텐트리중앙,036420,00203315,2024,상장기업,CFS,True,2,상장기업|상폐기업,True,False,2025,20250331,Historical delisted stock code set (CSV + KRX) | event_year derived from company_master.modify_date,True,False,True,False,,False,excluded_y_minus_1,C:\kwoss_C\model_test\downloads\dart_financials\상장기업\콘텐트리중앙\2024\036420__콘텐트리중앙__2024__11011.json
에스케이머티리얼즈,036490,00110051,2023,상폐기업,,False,1,상폐기업,False,True,2024,20240628,Historical delisted stock code set (CSV + KRX) | event_year derived from company_master.modify_date,True,False,True,False,,False,excluded_y_minus_1,C:\kwoss_C\model_test\downloads\dart_financials\상폐기업\에스케이머티리얼즈\2023\036490__에스케이머티리얼즈__2023__11011.json
에스에스컴텍,036500,00267960,2016,상폐기업,CFS,True,1,상폐기업,False,False,2017,20170630,Historical delisted stock code set (CSV + KRX) | event_year derived from company_master.modify_date,True,False,True,False,,False,excluded_y_minus_1,C:\kwoss_C\model_test\downloads\dart_financials\상폐기업\에스에스컴텍\2016\036500__에스에스컴텍__2016__11011.json
지디코프,036610,00254009,2016,상폐기업,,False,1,상폐기업,False,True,2017,20170630,Historical delisted stock code set (CSV + KRX) | event_year derived from company_master.modify_date,True,False,True,False,,False,excluded_y_minus_1,C:\kwoss_C\model_test\downloads\dart_financials\상폐기업\지디코프\2016\036610__지디코프__2016__11011.json
플러스프로핏,036660,00259606,2016,상폐기업,,False,1,상폐기업,False,True,2017,20170630,Historical delisted stock code set (CSV + KRX) | event_year derived from company_master.modify_date,True,False,True,False,,False,excluded_y_minus_1,C:\kwoss_C\model_test\downloads\dart_financials\상폐기업\플러스프로핏\2016\036660__플러스프로핏__2016__11011.json
한빛네트,036720,00260985,2016,상폐기업,,False,1,상폐기업,False,True,2017,20170630,Historical delisted stock code set (CSV + KRX) | event_year derived from company_master.modify_date,True,False,True,False,,False,excluded_y_minus_1,C:\kwoss_C\model_test\downloads\dart_financials\상폐기업\한빛네트\2016\036720__한빛네트__2016__11011.json
한와이어리스,037020,00178471,2016,상폐기업,,False,1,상폐기업,False,True,2017,20170630,Historical delisted stock code set (CSV + KRX) | event_year derived from company_master.modify_date,True,False,True,False,,False,excluded_y_minus_1,C:\kwoss_C\model_test\downloads\dart_financials\상폐기업\한와이어리스\2016\037020__한와이어리스__2016__11011.json
시큐어소프트,037060,00300256,2016,상폐기업,,False,1,상폐기업,False,True,2017,20170630,Historical delisted stock code set (CSV + KRX) | event_year derived from company_master.modify_date,True,False,True,False,,False,excluded_y_minus_1,C:\kwoss_C\model_test\downloads\dart_financials\상폐기업\시큐어소프트\2016\037060__시큐어소프트__2016__11011.json
한신코퍼레이션,037120,00253514,2016,상폐기업,,False,1,상폐기업,False,True,2017,20170630,Historical delisted stock code set (CSV + KRX) | event_year derived from company_master.modify_date,True,False,True,False,,False,excluded_y_minus_1,C:\kwoss_C\model_test\downloads\dart_financials\상폐기업\한신코퍼레이션\2016\037120__한신코퍼레이션__2016__11011.json
넥스텔,037220,00265254,2016,상폐기업,,False,1,상폐기업,False,True,2017,20170630,Historical delisted stock code set (CSV + KRX) | event_year derived from company_master.modify_date,True,False,True,False,,False,excluded_y_minus_1,C:\kwoss_C\model_test\downloads\dart_financials\상폐기업\넥스텔\2016\037220__넥스텔__2016__11011.json
대흥멀티미디어통신,037250,00260639,2016,상폐기업,,False,1,상폐기업,False,True,2017,20170630,Historical delisted stock code set (CSV + KRX) | event_year derived from company_master.modify_date,True,False,True,False,,False,excluded_y_minus_1,C:\kwoss_C\model_test\downloads\dart_financials\상폐기업\대흥멀티미디어통신\2016\037250__대흥멀티미디어통신__2016__11011.json
에이치씨코퍼레이션,037340,00241236,2025,상폐기업,,False,1,상폐기업,False,True,2026,20260324,Historical delisted stock code set (CSV + KRX) | event_year derived from company_master.modify_date,True,False,True,False,,False,excluded_y_minus_1,C:\kwoss_C\model_test\downloads\dart_financials\상폐기업\에이치씨코퍼레이션\2025\037340__에이치씨코퍼레이션__2025__11011.json
에이원마이크로,037380,00164195,2016,상폐기업,,False,1,상폐기업,False,True,2017,20170630,Historical delisted stock code set (CSV + KRX) | event_year derived from company_master.modify_date,True,False,True,False,,False,excluded_y_minus_1,C:\kwoss_C\model_test\downloads\dart_financials\상폐기업\에이원마이크로\2016\037380__에이원마이크로__2016__11011.json
클라스타,037550,00314000,2016,상폐기업,,False,1,상폐기업,False,True,2017,20170630,Historical delisted stock code set (CSV + KRX) | event_year derived from company_master.modify_date,True,False,True,False,,False,excluded_y_minus_1,C:\kwoss_C\model_test\downloads\dart_financials\상폐기업\클라스타\2016\037550__클라스타__2016__11011.json
엔써커뮤니티,037750,00260888,2016,상폐기업,,False,1,상폐기업,False,True,2017,20170630,Historical delisted stock code set (CSV + KRX) | event_year derived from company_master.modify_date,True,False,True,False,,False,excluded_y_minus_1,C:\kwoss_C\model_test\downloads\dart_financials\상폐기업\엔써커뮤니티\2016\037750__엔써커뮤니티__2016__11011.json
글로포스트,037830,00261188,2016,상폐기업,,False,1,상폐기업,False,True,2017,20170630,Historical delisted stock code set (CSV + KRX) | event_year derived from company_master.modify_date,True,False,True,False,,False,excluded_y_minus_1,C:\kwoss_C\model_test\downloads\dart_financials\상폐기업\글로포스트\2016\037830__글로포스트__2016__11011.json
아이엠아이티,038100,00260921,2016,상폐기업,,False,1,상폐기업,False,True,2017,20170630,Historical delisted stock code set (CSV + KRX) | event_year derived from company_master.modify_date,True,False,True,False,,False,excluded_y_minus_1,C:\kwoss_C\model_test\downloads\dart_financials\상폐기업\아이엠아이티\2016\038100__아이엠아이티__2016__11011.json
KD,044180,00111218,2024,상장기업,CFS,True,1,상장기업,False,False,2025,20250331,Historical delisted stock code set (CSV + KRX) | event_year derived from company_master.modify_date,True,False,True,False,,False,excluded_y_minus_1,C:\kwoss_C\model_test\downloads\dart_financials\상장기업\KD\2024\044180__KD__2024__11011.json
에스브이에이치,046240,00268358,2016,상폐기업,,False,1,상폐기업,False,True,2017,20170630,Historical delisted stock code set (CSV + KRX) | event_year derived from company_master.modify_date,True,False,True,False,,False,excluded_y_minus_1,C:\kwoss_C\model_test\downloads\dart_financials\상폐기업\에스브이에이치\2016\046240__에스브이에이치__2016__11011.json
세라온홀딩스,050600,00296069,2016,상폐기업,,False,1,상폐기업,False,True,2017,20170630,Historical delisted stock code set (CSV + KRX) | event_year derived from company_master.modify_date,True,False,True,False,,False,excluded_y_minus_1,C:\kwoss_C\model_test\downloads\dart_financials\상폐기업\세라온홀딩스\2016\050600__세라온홀딩스__2016__11011.json
블루젬디앤씨,053040,00349468,2016,상폐기업,,False,1,상폐기업,False,True,2017,20170630,Historical delisted stock code set (CSV + KRX) | event_year derived from company_master.modify_date,True,False,True,False,,False,excluded_y_minus_1,C:\kwoss_C\model_test\downloads\dart_financials\상폐기업\블루젬디앤씨\2016\053040__블루젬디앤씨__2016__11011.json
선팩테크,054010,00299376,2016,상폐기업,,False,1,상폐기업,False,True,2017,20170630,Historical delisted stock code set (CSV + KRX) | event_year derived from company_master.modify_date,True,False,True,False,,False,excluded_y_minus_1,C:\kwoss_C\model_test\downloads\dart_financials\상폐기업\선팩테크\2016\054010__선팩테크__2016__11011.json
엔빅스,054170,00300566,2016,상폐기업,,False,1,상폐기업,False,True,2017,20170630,Historical delisted stock code set (CSV + KRX) | event_year derived from company_master.modify_date,True,False,True,False,,False,excluded_y_minus_1,C:\kwoss_C\model_test\downloads\dart_financials\상폐기업\엔빅스\2016\054170__엔빅스__2016__11011.json
엠텍반도체,054440,00356644,2016,상폐기업,,False,1,상폐기업,False,True,2017,20170630,Historical delisted stock code set (CSV + KRX) | event_year derived from company_master.modify_date,True,False,True,False,,False,excluded_y_minus_1,C:\kwoss_C\model_test\downloads\dart_financials\상폐기업\엠텍반도체\2016\054440__엠텍반도체__2016__11011.json
동서정보기술,055000,00358545,2016,상폐기업,,False,1,상폐기업,False,True,2017,20170630,Historical delisted stock code set (CSV + KRX) | event_year derived from company_master.modify_date,True,False,True,False,,False,excluded_y_minus_1,C:\kwoss_C\model_test\downloads\dart_financials\상폐기업\동서정보기술\2016\055000__동서정보기술__2016__11011.json
케이티씨텔레콤,055810,00367598,2016,상폐기업,,False,1,상폐기업,False,True,2017,20170630,Historical delisted stock code set (CSV + KRX) | event_year derived from company_master.modify_date,True,False,True,False,,False,excluded_y_minus_1,C:\kwoss_C\model_test\downloads\dart_financials\상폐기업\케이티씨텔레콤\2016\055810__케이티씨텔레콤__2016__11011.json
씨유전자,056340,00361114,2016,상폐기업,,False,1,상폐기업,False,True,2017,20170630,Historical delisted stock code set (CSV + KRX) | event_year derived from company_master.modify_date,True,False,True,False,,False,excluded_y_minus_1,C:\kwoss_C\model_test\downloads\dart_financials\상폐기업\씨유전자\2016\056340__씨유전자__2016__11011.json
베스트플로우,060410,00377814,2016,상폐기업,,False,1,상폐기업,False,True,2017,20170630,Historical delisted stock code set (CSV + KRX) | event_year derived from company_master.modify_date,True,False,True,False,,False,excluded_y_minus_1,C:\kwoss_C\model_test\downloads\dart_financials\상폐기업\베스트플로우\2016\060410__베스트플로우__2016__11011.json
케이에스리소스,066340,00385451,2016,상폐기업,,False,1,상폐기업,False,True,2017,20170630,Historical delisted stock code set (CSV + KRX) | event_year derived from company_master.modify_date,True,False,True,False,,False,excluded_y_minus_1,C:\kwoss_C\model_test\downloads\dart_financials\상폐기업\케이에스리소스\2016\066340__케이에스리소스__2016__11011.json
엘앤에프,066970,00398701,2024,상장기업,CFS,True,1,상장기업,False,False,2025,20251223,Historical delisted stock code set (CSV + KRX) | event_year derived from company_master.modify_date,True,False,True,False,,False,excluded_y_minus_1,C:\kwoss_C\model_test\downloads\dart_financials\상장기업\엘앤에프\2024\066970__엘앤에프__2024__11011.json
다원시스,068240,00523307,2025,상장기업,,False,1,상장기업,False,True,2026,20260305,Historical delisted stock code set (CSV + KRX) | event_year derived from company_master.modify_date,True,False,True,False,,False,excluded_y_minus_1,C:\kwoss_C\model_test\downloads\dart_financials\상장기업\다원시스\2025\068240__다원시스__2025__11011.json
셀트리온,068270,00413046,2025,상장기업,CFS,True,1,상장기업,False,False,2026,20260325,Historical delisted stock code set (CSV + KRX) | event_year derived from company_master.modify_date,True,False,True,False,,False,excluded_y_minus_1,C:\kwoss_C\model_test\downloads\dart_financials\상장기업\셀트리온\2025\068270__셀트리온__2025__11011.json
유에이블,071530,00416706,2016,상폐기업,,False,1,상폐기업,False,True,2017,20170630,Historical delisted stock code set (CSV + KRX) | event_year derived from company_master.modify_date,True,False,True,False,,False,excluded_y_minus_1,C:\kwoss_C\model_test\downloads\dart_financials\상폐기업\유에이블\2016\071530__유에이블__2016__11011.json
케이이엔지,077960,00451268,2016,상폐기업,,False,1,상폐기업,False,True,2017,20170630,Historical delisted stock code set (CSV + KRX) | event_year derived from company_master.modify_date,True,False,True,False,,False,excluded_y_minus_1,C:\kwoss_C\model_test\downloads\dart_financials\상폐기업\케이이엔지\2016\077960__케이이엔지__2016__11011.json
도움,078610,00450728,2016,상폐기업,,False,1,상폐기업,False,True,2017,20170630,Historical delisted stock code set (CSV + KRX) | event_year derived from company_master.modify_date,True,False,True,False,,False,excluded_y_minus_1,C:\kwoss_C\model_test\downloads\dart_financials\상폐기업\도움\2016\078610__도움__2016__11011.json
하이럭스,079340,00480844,2016,상폐기업,,False,1,상폐기업,False,True,2017,20170630,Historical delisted stock code set (CSV + KRX) | event_year derived from company_master.modify_date,True,False,True,False,,False,excluded_y_minus_1,C:\kwoss_C\model_test\downloads\dart_financials\상폐기업\하이럭스\2016\079340__하이럭스__2016__11011.json
비에이치,090460,00447609,2022,상장기업,CFS,True,1,상장기업,False,False,2023,20230620,Historical delisted stock code set (CSV + KRX) | event_year derived from company_master.modify_date,True,False,True,False,,False,excluded_y_minus_1,C:\kwoss_C\model_test\downloads\dart_financials\상장기업\비에이치\2022\090460__비에이치__2022__11011.json
엠씨넥스,097520,00564562,2022,상장기업,CFS,True,1,상장기업,False,False,2023,20230227,Historical delisted stock code set (CSV + KRX) | event_year derived from company_master.modify_date,True,False,True,False,,False,excluded_y_minus_1,C:\kwoss_C\model_test\downloads\dart_financials\상장기업\엠씨넥스\2022\097520__엠씨넥스__2022__11011.json
SK오션플랜트,100090,00480367,2022,상장기업,CFS,True,1,상장기업,False,False,2023,20230419,Historical delisted stock code set (CSV + KRX) | event_year derived from company_master.modify_date,True,False,True,False,,False,excluded_y_minus_1,C:\kwoss_C\model_test\downloads\dart_financials\상장기업\SK오션플랜트\2022\100090__SK오션플랜트__2022__11011.json
우양에이치씨,101970,00450931,2024,상장기업,OFS,True,1,상장기업,False,False,2025,20250328,Historical delisted stock code set (CSV + KRX) | event_year derived from company_master.modify_date,True,False,True,False,,False,excluded_y_minus_1,C:\kwoss_C\model_test\downloads\dart_financials\상장기업\우양에이치씨\2024\101970__우양에이치씨__2024__11011.json
금강제강,105070,00579379,2016,상폐기업,,False,1,상폐기업,False,True,2017,20170630,Historical delisted stock code set (CSV + KRX) | event_year derived from company_master.modify_date,True,False,True,False,,False,excluded_y_minus_1,C:\kwoss_C\model_test\downloads\dart_financials\상폐기업\금강제강\2016\105070__금강제강__2016__11011.json
LX세미콘,108320,00525934,2023,상장기업,CFS,True,1,상장기업,False,False,2024,20240322,Historical delisted stock code set (CSV + KRX) | event_year derived from company_master.modify_date,True,False,True,False,,False,excluded_y_minus_1,C:\kwoss_C\model_test\downloads\dart_financials\상장기업\LX세미콘\2023\108320__LX세미콘__2023__11011.json
PI첨단소재,178920,00767460,2022,상장기업,OFS,True,1,상장기업,False,False,2023,20230324,Historical delisted stock code set (CSV + KRX) | event_year derived from company_master.modify_date,True,False,True,False,,False,excluded_y_minus_1,C:\kwoss_C\model_test\downloads\dart_financials\상장기업\PI첨단소재\2022\178920__PI첨단소재__2022__11011.json
씨티네트웍스,189540,00961136,2019,상폐기업,,False,1,상폐기업,False,True,2020,20200512,Historical delisted stock code set (CSV + KRX) | event_year derived from company_master.modify_date,True,False,True,False,,False,excluded_y_minus_1,C:\kwoss_C\model_test\downloads\dart_financials\상폐기업\씨티네트웍스\2019\189540__씨티네트웍스__2019__11011.json
더블유게임즈,192080,01010110,2025,상장기업,CFS,True,1,상장기업,False,False,2026,20260319,Historical delisted stock code set (CSV + KRX) | event_year derived from company_master.modify_date,True,False,True,False,,False,excluded_y_minus_1,C:\kwoss_C\model_test\downloads\dart_financials\상장기업\더블유게임즈\2025\192080__더블유게임즈__2025__11011.json
EMB,278990,01117246,2025,상장기업,,False,1,상장기업,False,True,2026,20260202,Historical delisted stock code set (CSV + KRX) | event_year derived from company_master.modify_date,True,False,True,False,,False,excluded_y_minus_1,C:\kwoss_C\model_test\downloads\dart_financials\상장기업\EMB\2025\278990__EMB__2025__11011.json
이노벡스,279060,01353848,2024,상장기업,,False,1,상장기업,False,True,2025,20250102,Historical delisted stock code set (CSV + KRX) | event_year derived from company_master.modify_date,True,False,True,False,,False,excluded_y_minus_1,C:\kwoss_C\model_test\downloads\dart_financials\상장기업\이노벡스\2024\279060__이노벡스__2024__11011.json
